election_id,election_name,election_date,state,total_seats,pollster,in_range_score,winner_correct,predicted_winner,actual_winner,predictions_json,actual_results_json
delhi_2025,2025 Delhi Legislative Assembly election,2025-02-05,Delhi,70,Matrize,0.0,True,BJP,BJP,"{""AAP"": [32, 37], ""BJP"": [35, 40], ""INC"": [0, 1], ""Others"": [0, 1]}","{""AAP"": 22, ""BJP"": 48, ""INC"": 0, ""Others"": 0}"
delhi_2025,2025 Delhi Legislative Assembly election,2025-02-05,Delhi,70,P-Marq,1.75,True,BJP,BJP,"{""AAP"": [21, 31], ""BJP"": [39, 49], ""INC"": [0, 1], ""Others"": [0, 1]}","{""AAP"": 22, ""BJP"": 48, ""INC"": 0, ""Others"": 0}"
delhi_2025,2025 Delhi Legislative Assembly election,2025-02-05,Delhi,70,People's Insight,0.0,True,BJP,BJP,"{""AAP"": [12, 18], ""BJP"": [51, 57], ""INC"": [1, 1], ""Others"": [0, 1]}","{""AAP"": 22, ""BJP"": 48, ""INC"": 0, ""Others"": 0}"
delhi_2025,2025 Delhi Legislative Assembly election,2025-02-05,Delhi,70,People's Pulse - Codemo,0.0,True,BJP,BJP,"{""AAP"": [10, 19], ""BJP"": [51, 60], ""INC"": [0, 0], ""Others"": [0, 1]}","{""AAP"": 22, ""BJP"": 48, ""INC"": 0, ""Others"": 0}"
delhi_2025,2025 Delhi Legislative Assembly election,2025-02-05,Delhi,70,Poll Diary,2.2857,True,BJP,BJP,"{""AAP"": [18, 25], ""BJP"": [42, 50], ""INC"": [0, 2], ""Others"": [0, 1]}","{""AAP"": 22, ""BJP"": 48, ""INC"": 0, ""Others"": 0}"
delhi_2025,2025 Delhi Legislative Assembly election,2025-02-05,Delhi,70,Chanakya Strategies,0.0,True,BJP,BJP,"{""AAP"": [25, 28], ""BJP"": [39, 44], ""INC"": [2, 3], ""Others"": [0, 1]}","{""AAP"": 22, ""BJP"": 48, ""INC"": 0, ""Others"": 0}"
delhi_2025,2025 Delhi Legislative Assembly election,2025-02-05,Delhi,70,DV Research,0.0,True,BJP,BJP,"{""AAP"": [26, 34], ""BJP"": [36, 44], ""INC"": [0, 0], ""Others"": [0, 1]}","{""AAP"": 22, ""BJP"": 48, ""INC"": 0, ""Others"": 0}"
delhi_2025,2025 Delhi Legislative Assembly election,2025-02-05,Delhi,70,JVC,0.6111,True,BJP,BJP,"{""AAP"": [22, 31], ""BJP"": [39, 45], ""INC"": [0, 2], ""Others"": [0, 1]}","{""AAP"": 22, ""BJP"": 48, ""INC"": 0, ""Others"": 0}"
delhi_2025,2025 Delhi Legislative Assembly election,2025-02-05,Delhi,70,Mind Brink,0.0,False,AAP,BJP,"{""AAP"": [44, 49], ""BJP"": [21, 25], ""INC"": [0, 1], ""Others"": [0, 1]}","{""AAP"": 22, ""BJP"": 48, ""INC"": 0, ""Others"": 0}"
delhi_2025,2025 Delhi Legislative Assembly election,2025-02-05,Delhi,70,Weepreside,0.0,False,AAP,BJP,"{""AAP"": [46, 52], ""BJP"": [18, 23], ""INC"": [0, 1], ""Others"": [0, 1]}","{""AAP"": 22, ""BJP"": 48, ""INC"": 0, ""Others"": 0}"
delhi_2025,2025 Delhi Legislative Assembly election,2025-02-05,Delhi,70,SAS Group,0.0,True,BJP,BJP,"{""AAP"": [27, 30], ""BJP"": [38, 41], ""INC"": [1, 3], ""Others"": [0, 1]}","{""AAP"": 22, ""BJP"": 48, ""INC"": 0, ""Others"": 0}"
delhi_2025,2025 Delhi Legislative Assembly election,2025-02-05,Delhi,70,Superbo-Poll,0.0,False,AAP,BJP,"{""AAP"": [38, 43], ""BJP"": [20, 25], ""INC"": [7, 12], ""Others"": [0, 1]}","{""AAP"": 22, ""BJP"": 48, ""INC"": 0, ""Others"": 0}"
delhi_2025,2025 Delhi Legislative Assembly election,2025-02-05,Delhi,70,Axis My India,1.75,True,BJP,BJP,"{""AAP"": [15, 25], ""BJP"": [45, 55], ""INC"": [0, 1], ""Others"": [0, 1]}","{""AAP"": 22, ""BJP"": 48, ""INC"": 0, ""Others"": 0}"
delhi_2025,2025 Delhi Legislative Assembly election,2025-02-05,Delhi,70,CNX,0.0,True,BJP,BJP,"{""AAP"": [10, 19], ""BJP"": [49, 61], ""INC"": [0, 1], ""Others"": [0, 1]}","{""AAP"": 22, ""BJP"": 48, ""INC"": 0, ""Others"": 0}"
delhi_2025,2025 Delhi Legislative Assembly election,2025-02-05,Delhi,70,Today's Chanakya,1.4583,True,BJP,BJP,"{""AAP"": [13, 25], ""BJP"": [45, 57], ""INC"": [0, 1], ""Others"": [0, 3]}","{""AAP"": 22, ""BJP"": 48, ""INC"": 0, ""Others"": 0}"
maharashtra_2024,2024 Maharashtra Legislative Assembly election,2024-11-20,Maharashtra,288,P-MARQ,0.1667,True,Maha Yuti,Maha Yuti,"{""Maha Yuti"": [147, 157], ""Maha Vikas Aghadi"": [106, 146], ""Others"": [2, 8]}","{""Maha Yuti"": 235, ""Maha Vikas Aghadi"": 50, ""Others"": 3}"
maharashtra_2024,2024 Maharashtra Legislative Assembly election,2024-11-20,Maharashtra,288,People's Pulse,0.0,True,Maha Yuti,Maha Yuti,"{""Maha Yuti"": [175, 195], ""Maha Vikas Aghadi"": [85, 112], ""Others"": [7, 12]}","{""Maha Yuti"": 235, ""Maha Vikas Aghadi"": 50, ""Others"": 3}"
maharashtra_2024,2024 Maharashtra Legislative Assembly election,2024-11-20,Maharashtra,288,Matrize,0.0,True,Maha Yuti,Maha Yuti,"{""Maha Yuti"": [150, 170], ""Maha Vikas Aghadi"": [110, 130], ""Others"": [8, 10]}","{""Maha Yuti"": 235, ""Maha Vikas Aghadi"": 50, ""Others"": 3}"
maharashtra_2024,2024 Maharashtra Legislative Assembly election,2024-11-20,Maharashtra,288,Lokshahi-Marathi Rudra,0.0,True,Maha Yuti,Maha Yuti,"{""Maha Yuti"": [148, 162], ""Maha Vikas Aghadi"": [105, 120], ""Others"": [18, 23]}","{""Maha Yuti"": 235, ""Maha Vikas Aghadi"": 50, ""Others"": 3}"
maharashtra_2024,2024 Maharashtra Legislative Assembly election,2024-11-20,Maharashtra,288,JVC,0.0,True,Maha Yuti,Maha Yuti,"{""Maha Yuti"": [150, 167], ""Maha Vikas Aghadi"": [107, 125], ""Others"": [13, 14]}","{""Maha Yuti"": 235, ""Maha Vikas Aghadi"": 50, ""Others"": 3}"
maharashtra_2024,2024 Maharashtra Legislative Assembly election,2024-11-20,Maharashtra,288,Today's Chanakya,0.0,True,Maha Yuti,Maha Yuti,"{""Maha Yuti"": [164, 186], ""Maha Vikas Aghadi"": [89, 111], ""Others"": [8, 18]}","{""Maha Yuti"": 235, ""Maha Vikas Aghadi"": 50, ""Others"": 3}"
maharashtra_2024,2024 Maharashtra Legislative Assembly election,2024-11-20,Maharashtra,288,Dainik Bhaskar,0.0,False,Maha Vikas Aghadi,Maha Yuti,"{""Maha Yuti"": [125, 140], ""Maha Vikas Aghadi"": [135, 150], ""Others"": [20, 25]}","{""Maha Yuti"": 235, ""Maha Vikas Aghadi"": 50, ""Others"": 3}"
maharashtra_2024,2024 Maharashtra Legislative Assembly election,2024-11-20,Maharashtra,288,KK Survey and strategies,4.2551,True,Maha Yuti,Maha Yuti,"{""Maha Yuti"": [214, 236], ""Maha Vikas Aghadi"": [44, 68], ""Others"": [4, 10]}","{""Maha Yuti"": 235, ""Maha Vikas Aghadi"": 50, ""Others"": 3}"
maharashtra_2024,2024 Maharashtra Legislative Assembly election,2024-11-20,Maharashtra,288,Electoral Edge,0.0,False,Maha Vikas Aghadi,Maha Yuti,"{""Maha Yuti"": [137, 159], ""Maha Vikas Aghadi"": [138, 162], ""Others"": [17, 23]}","{""Maha Yuti"": 235, ""Maha Vikas Aghadi"": 50, ""Others"": 3}"
maharashtra_2024,2024 Maharashtra Legislative Assembly election,2024-11-20,Maharashtra,288,Poll Diary,0.0,True,Maha Yuti,Maha Yuti,"{""Maha Yuti"": [122, 186], ""Maha Vikas Aghadi"": [69, 121], ""Others"": [10, 27]}","{""Maha Yuti"": 235, ""Maha Vikas Aghadi"": 50, ""Others"": 3}"
maharashtra_2024,2024 Maharashtra Legislative Assembly election,2024-11-20,Maharashtra,288,People's Insight,0.6944,True,Maha Yuti,Maha Yuti,"{""Maha Yuti"": [202, 224], ""Maha Vikas Aghadi"": [48, 72], ""Others"": [12, 18]}","{""Maha Yuti"": 235, ""Maha Vikas Aghadi"": 50, ""Others"": 3}"
maharashtra_2024,2024 Maharashtra Legislative Assembly election,2024-11-20,Maharashtra,288,Axis My India,0.0,True,Maha Yuti,Maha Yuti,"{""Maha Yuti"": [178, 200], ""Maha Vikas Aghadi"": [82, 102], ""Others"": [6, 12]}","{""Maha Yuti"": 235, ""Maha Vikas Aghadi"": 50, ""Others"": 3}"
maharashtra_2024,2024 Maharashtra Legislative Assembly election,2024-11-20,Maharashtra,288,CNX Exit Poll,0.0,True,Maha Yuti,Maha Yuti,"{""Maha Yuti"": [160, 179], ""Maha Vikas Aghadi"": [100, 119], ""Others"": [6, 12]}","{""Maha Yuti"": 235, ""Maha Vikas Aghadi"": 50, ""Others"": 3}"
jharkhand_2024,2024 Jharkhand Legislative Assembly election,2024-11-13,Jharkhand,81,Axis My India,2.0,True,MGB,MGB,"{""BJP"": [17, 27], ""MGB"": [49, 59], ""Others"": [1, 6]}","{""MGB"": 56, ""BJP"": 24, ""JLKM"": 1}"
jharkhand_2024,2024 Jharkhand Legislative Assembly election,2024-11-13,Jharkhand,81,People's Insight,0.0,False,BJP,MGB,"{""BJP"": [39, 45], ""MGB"": [30, 36], ""Others"": [5, 7]}","{""MGB"": 56, ""BJP"": 24, ""JLKM"": 1}"
jharkhand_2024,2024 Jharkhand Legislative Assembly election,2024-11-13,Jharkhand,81,Chanakya Strategies,0.0,False,BJP,MGB,"{""BJP"": [45, 50], ""MGB"": [35, 38], ""Others"": [3, 5]}","{""MGB"": 56, ""BJP"": 24, ""JLKM"": 1}"
jharkhand_2024,2024 Jharkhand Legislative Assembly election,2024-11-13,Jharkhand,81,Dainik Bhaskar,0.0,False,BJP,MGB,"{""BJP"": [37, 40], ""MGB"": [36, 39], ""Others"": [0, 2]}","{""MGB"": 56, ""BJP"": 24, ""JLKM"": 1}"
jharkhand_2024,2024 Jharkhand Legislative Assembly election,2024-11-13,Jharkhand,81,Electoral Edge,0.0,True,MGB,MGB,"{""BJP"": [29, 35], ""MGB"": [39, 45], ""Others"": [6, 8]}","{""MGB"": 56, ""BJP"": 24, ""JLKM"": 1}"
jharkhand_2024,2024 Jharkhand Legislative Assembly election,2024-11-13,Jharkhand,81,Matrize,0.0,False,BJP,MGB,"{""BJP"": [42, 47], ""MGB"": [25, 30], ""Others"": [1, 4]}","{""MGB"": 56, ""BJP"": 24, ""JLKM"": 1}"
jharkhand_2024,2024 Jharkhand Legislative Assembly election,2024-11-13,Jharkhand,81,P Marq,0.0,True,MGB,MGB,"{""BJP"": [31, 40], ""MGB"": [37, 47], ""Others"": [6, 8]}","{""MGB"": 56, ""BJP"": 24, ""JLKM"": 1}"
jharkhand_2024,2024 Jharkhand Legislative Assembly election,2024-11-13,Jharkhand,81,Times Now – JVC,0.0,False,BJP,MGB,"{""BJP"": [40, 44], ""MGB"": [30, 40], ""Others"": [0, 2]}","{""MGB"": 56, ""BJP"": 24, ""JLKM"": 1}"
jharkhand_2024,2024 Jharkhand Legislative Assembly election,2024-11-13,Jharkhand,81,People's Pulse,0.0,False,BJP,MGB,"{""BJP"": [44, 53], ""MGB"": [25, 37], ""Others"": [5, 9]}","{""MGB"": 56, ""BJP"": 24, ""JLKM"": 1}"
haryana_2024,2024 Haryana Legislative Assembly election,2024-10-05,Haryana,90,Dainik Bhaskar,0.3333,False,INDIA,BJP,"{""BJP"": [19, 29], ""INDIA"": [44, 54], ""Others"": [1, 6]}","{""BJP"": 48, ""INDIA"": 37, ""Others"": 5}"
haryana_2024,2024 Haryana Legislative Assembly election,2024-10-05,Haryana,90,People's Insight,0.2778,True,BJP,BJP,"{""BJP"": [49, 57], ""INDIA"": [27, 35], ""Others"": [3, 9]}","{""BJP"": 48, ""INDIA"": 37, ""Others"": 5}"
haryana_2024,2024 Haryana Legislative Assembly election,2024-10-05,Haryana,90,DHRUV,0.2778,False,INDIA,BJP,"{""BJP"": [23, 31], ""INDIA"": [53, 61], ""Others"": [3, 9]}","{""BJP"": 48, ""INDIA"": 37, ""Others"": 5}"
haryana_2024,2024 Haryana Legislative Assembly election,2024-10-05,Haryana,90,Matrize,0.1852,False,INDIA,BJP,"{""BJP"": [18, 24], ""INDIA"": [55, 62], ""Others"": [5, 14]}","{""BJP"": 48, ""INDIA"": 37, ""Others"": 5}"
haryana_2024,2024 Haryana Legislative Assembly election,2024-10-05,Haryana,90,India Today - CVoter,0.0,False,INDIA,BJP,"{""BJP"": [20, 28], ""INDIA"": [50, 58], ""Others"": [10, 16]}","{""BJP"": 48, ""INDIA"": 37, ""Others"": 5}"
haryana_2024,2024 Haryana Legislative Assembly election,2024-10-05,Haryana,90,Politique Marquer,0.2778,False,INDIA,BJP,"{""BJP"": [27, 35], ""INDIA"": [52, 60], ""Others"": [0, 6]}","{""BJP"": 48, ""INDIA"": 37, ""Others"": 5}"
haryana_2024,2024 Haryana Legislative Assembly election,2024-10-05,Haryana,90,South First - People's Pulse,0.4167,False,,BJP,"{""Others"": [5, 9]}","{""BJP"": 48, ""INDIA"": 37, ""Others"": 5}"
jammu_and_kashmir_2024,2024 Jammu and Kashmir Legislative Assembly election,2024-09-18,Jammu and Kashmir,90,India Today – CVoter,1.9,True,INDIA,INDIA,"{""INDIA"": [40, 48], ""BJP"": [27, 32], ""JKPDP"": [6, 12], ""Others"": [6, 11]}","{""INDIA"": 49, ""BJP"": 29, ""JKPDP"": 3, ""Others"": 9}"
jammu_and_kashmir_2024,2024 Jammu and Kashmir Legislative Assembly election,2024-09-18,Jammu and Kashmir,90,South First – People's Pulse,3.0625,True,INDIA,INDIA,"{""INDIA"": [46, 50], ""BJP"": [23, 27], ""JKPDP"": [7, 11], ""Others"": [4, 6]}","{""INDIA"": 49, ""BJP"": 29, ""JKPDP"": 3, ""Others"": 9}"
jammu_and_kashmir_2024,2024 Jammu and Kashmir Legislative Assembly election,2024-09-18,Jammu and Kashmir,90,Axis My India,0.875,True,INDIA,INDIA,"{""INDIA"": [35, 45], ""BJP"": [24, 34], ""JKPDP"": [4, 6], ""Others"": [8, 23]}","{""INDIA"": 49, ""BJP"": 29, ""JKPDP"": 3, ""Others"": 9}"
jammu_and_kashmir_2024,2024 Jammu and Kashmir Legislative Assembly election,2024-09-18,Jammu and Kashmir,90,Gulistan News,3.85,True,INDIA,INDIA,"{""INDIA"": [31, 36], ""BJP"": [28, 30], ""JKPDP"": [5, 7], ""Others"": [6, 16]}","{""INDIA"": 49, ""BJP"": 29, ""JKPDP"": 3, ""Others"": 9}"
jammu_and_kashmir_2024,2024 Jammu and Kashmir Legislative Assembly election,2024-09-18,Jammu and Kashmir,90,Poll of Polls,1.8125,True,INDIA,INDIA,"{""INDIA"": [39, 45], ""BJP"": [25, 29], ""JKPDP"": [6, 8], ""Others"": [10, 18]}","{""INDIA"": 49, ""BJP"": 29, ""JKPDP"": 3, ""Others"": 9}"
karnataka_2023,2023 Karnataka Legislative Assembly election,2023-05-10,Karnataka,224,South First-People's Pulse,0.0,True,INC,INC,"{""INC"": [95, 107], ""BJP"": [84, 98], ""Others"": [2, 4]}","{""INC"": 135, ""BJP"": 66, ""JD(S)"": 19}"
karnataka_2023,2023 Karnataka Legislative Assembly election,2023-05-10,Karnataka,224,ABP-CVoter,0.0,True,INC,INC,"{""INC"": [115, 127], ""BJP"": [68, 80], ""Others"": [0, 2]}","{""INC"": 135, ""BJP"": 66, ""JD(S)"": 19}"
karnataka_2023,2023 Karnataka Legislative Assembly election,2023-05-10,Karnataka,224,Zee News-Matrize,0.0,False,BJP,INC,"{""INC"": [79, 91], ""BJP"": [103, 115], ""Others"": [1, 3]}","{""INC"": 135, ""BJP"": 66, ""JD(S)"": 19}"
karnataka_2023,2023 Karnataka Legislative Assembly election,2023-05-10,Karnataka,224,ABP News-C Voter,0.0,True,INC,INC,"{""INC"": [100, 112], ""BJP"": [83, 95], ""Others"": [2, 6]}","{""INC"": 135, ""BJP"": 66, ""JD(S)"": 19}"
karnataka_2023,2023 Karnataka Legislative Assembly election,2023-05-10,Karnataka,224,India Today-Axis My India,2.7917,True,INC,INC,"{""INC"": [122, 140], ""BJP"": [62, 80], ""Others"": [0, 3]}","{""INC"": 135, ""BJP"": 66, ""JD(S)"": 19}"
karnataka_2023,2023 Karnataka Legislative Assembly election,2023-05-10,Karnataka,224,India TV-CNX,0.0,True,INC,INC,"{""INC"": [110, 120], ""BJP"": [80, 90], ""Others"": [1, 3]}","{""INC"": 135, ""BJP"": 66, ""JD(S)"": 19}"
karnataka_2023,2023 Karnataka Legislative Assembly election,2023-05-10,Karnataka,224,News 24-Today's Chanakya,0.0,True,INC,INC,"{""INC"": [114, 126], ""BJP"": [85, 99], ""Others"": [0, 1]}","{""INC"": 135, ""BJP"": 66, ""JD(S)"": 19}"
karnataka_2023,2023 Karnataka Legislative Assembly election,2023-05-10,Karnataka,224,People's Insight,0.0,True,INC,INC,"{""INC"": [102, 114], ""BJP"": [91, 105], ""Others"": [0, 1]}","{""INC"": 135, ""BJP"": 66, ""JD(S)"": 19}"
karnataka_2023,2023 Karnataka Legislative Assembly election,2023-05-10,Karnataka,224,News Nation-CGS,0.0,False,BJP,INC,"{""INC"": [80, 92], ""BJP"": [107, 121], ""Others"": [2, 4]}","{""INC"": 135, ""BJP"": 66, ""JD(S)"": 19}"
karnataka_2023,2023 Karnataka Legislative Assembly election,2023-05-10,Karnataka,224,Republic TV -P MARQ,0.0,True,INC,INC,"{""INC"": [94, 108], ""BJP"": [85, 100], ""Others"": [2, 6]}","{""INC"": 135, ""BJP"": 66, ""JD(S)"": 19}"
karnataka_2023,2023 Karnataka Legislative Assembly election,2023-05-10,Karnataka,224,Suvarna News -Jan Ki Baat,0.0,False,BJP,INC,"{""INC"": [91, 106], ""BJP"": [94, 117], ""Others"": [0, 2]}","{""INC"": 135, ""BJP"": 66, ""JD(S)"": 19}"
karnataka_2023,2023 Karnataka Legislative Assembly election,2023-05-10,Karnataka,224,Times Now-ETG,0.0,True,INC,INC,"{""INC"": [107, 119], ""BJP"": [78, 92], ""Others"": [2, 4]}","{""INC"": 135, ""BJP"": 66, ""JD(S)"": 19}"
karnataka_2023,2023 Karnataka Legislative Assembly election,2023-05-10,Karnataka,224,TV 9 Bharatvarsh-Polstrat,0.0,True,INC,INC,"{""INC"": [99, 109], ""BJP"": [88, 98], ""Others"": [0, 4]}","{""INC"": 135, ""BJP"": 66, ""JD(S)"": 19}"
karnataka_2023,2023 Karnataka Legislative Assembly election,2023-05-10,Karnataka,224,Poll of Polls,0.0,True,INC,INC,"{""INC"": [103, 115], ""BJP"": [84, 98], ""Others"": [1, 3]}","{""INC"": 135, ""BJP"": 66, ""JD(S)"": 19}"
chhattisgarh_2023,2023 Chhattisgarh Legislative Assembly election,2023-11-07,Chhattisgarh,90,ABP News-Matrize,0.0833,False,INC,BJP,"{""INC"": [47, 52], ""BJP"": [34, 39], ""Others"": [1, 5]}","{""INC"": 35, ""BJP"": 54, ""Others"": 1}"
chhattisgarh_2023,2023 Chhattisgarh Legislative Assembly election,2023-11-07,Chhattisgarh,90,ABP News-C-Voter,0.1111,False,INC,BJP,"{""INC"": [48, 54], ""BJP"": [35, 41], ""Others"": [0, 3]}","{""INC"": 35, ""BJP"": 54, ""Others"": 1}"
chhattisgarh_2023,2023 Chhattisgarh Legislative Assembly election,2023-11-07,Chhattisgarh,90,ABP News-CVoter,0.1667,False,INC,BJP,"{""INC"": [45, 55], ""BJP"": [39, 45], ""Others"": [0, 2]}","{""INC"": 35, ""BJP"": 54, ""Others"": 1}"
chhattisgarh_2023,2023 Chhattisgarh Legislative Assembly election,2023-11-07,Chhattisgarh,90,India Today-Axis My India,0.0833,False,INC,BJP,"{""INC"": [40, 50], ""BJP"": [36, 46], ""Others"": [1, 5]}","{""INC"": 35, ""BJP"": 54, ""Others"": 1}"
chhattisgarh_2023,2023 Chhattisgarh Legislative Assembly election,2023-11-07,Chhattisgarh,90,India TV-CNX,0.0,False,INC,BJP,"{""INC"": [46, 56], ""BJP"": [30, 40], ""Others"": [3, 5]}","{""INC"": 35, ""BJP"": 54, ""Others"": 1}"
chhattisgarh_2023,2023 Chhattisgarh Legislative Assembly election,2023-11-07,Chhattisgarh,90,TV9 Bharatvarsh-Polstrat,0.1111,False,INC,BJP,"{""INC"": [40, 50], ""BJP"": [35, 45], ""Others"": [0, 3]}","{""INC"": 35, ""BJP"": 54, ""Others"": 1}"
chhattisgarh_2023,2023 Chhattisgarh Legislative Assembly election,2023-11-07,Chhattisgarh,90,News18-Today's Chanakya,0.1111,False,INC,BJP,"{""INC"": [49, 65], ""BJP"": [25, 41], ""Others"": [0, 3]}","{""INC"": 35, ""BJP"": 54, ""Others"": 1}"
chhattisgarh_2023,2023 Chhattisgarh Legislative Assembly election,2023-11-07,Chhattisgarh,90,People's Insight,0.3333,True,BJP,BJP,"{""INC"": [19, 27], ""BJP"": [63, 71], ""Others"": [0, 1]}","{""INC"": 35, ""BJP"": 54, ""Others"": 1}"
chhattisgarh_2023,2023 Chhattisgarh Legislative Assembly election,2023-11-07,Chhattisgarh,90,Republic TV-Matrize,0.1667,False,INC,BJP,"{""INC"": [44, 52], ""BJP"": [34, 42], ""Others"": [0, 2]}","{""INC"": 35, ""BJP"": 54, ""Others"": 1}"
chhattisgarh_2023,2023 Chhattisgarh Legislative Assembly election,2023-11-07,Chhattisgarh,90,Dainik Bhaskar,0.0333,False,INC,BJP,"{""INC"": [46, 55], ""BJP"": [35, 45], ""Others"": [0, 10]}","{""INC"": 35, ""BJP"": 54, ""Others"": 1}"
chhattisgarh_2023,2023 Chhattisgarh Legislative Assembly election,2023-11-07,Chhattisgarh,90,Times Now-ETG,0.0,False,INC,BJP,"{""INC"": [48, 56], ""BJP"": [32, 40], ""Others"": [2, 4]}","{""INC"": 35, ""BJP"": 54, ""Others"": 1}"
chhattisgarh_2023,2023 Chhattisgarh Legislative Assembly election,2023-11-07,Chhattisgarh,90,Jan Ki Baat,0.0,False,INC,BJP,"{""INC"": [42, 53], ""BJP"": [34, 45], ""Others"": [2, 4]}","{""INC"": 35, ""BJP"": 54, ""Others"": 1}"
chhattisgarh_2023,2023 Chhattisgarh Legislative Assembly election,2023-11-07,Chhattisgarh,90,Poll of Polls,0.0,False,INC,BJP,"{""INC"": [45, 53], ""BJP"": [34, 42], ""Others"": [2, 4]}","{""INC"": 35, ""BJP"": 54, ""Others"": 1}"
DEL-2025,2025 Delhi Legislative Assembly election,5 February 2025,Delhi,70,Matrize,0.0,True,BJP,BJP,"{""AAP"": [32, 37], ""BJP"": [35, 40], ""INC"": [0, 1], ""Others"": [0, 1]}","{""BJP"": 48, ""AAP"": 22, ""INC"": 0, ""Others"": 0}"
DEL-2025,2025 Delhi Legislative Assembly election,5 February 2025,Delhi,70,P-Marq,1.75,True,BJP,BJP,"{""AAP"": [21, 31], ""BJP"": [39, 49], ""INC"": [0, 1], ""Others"": [0, 1]}","{""BJP"": 48, ""AAP"": 22, ""INC"": 0, ""Others"": 0}"
DEL-2025,2025 Delhi Legislative Assembly election,5 February 2025,Delhi,70,People's Insight,0.0,True,BJP,BJP,"{""AAP"": [12, 18], ""BJP"": [51, 57], ""INC"": [1, 1], ""Others"": [0, 1]}","{""BJP"": 48, ""AAP"": 22, ""INC"": 0, ""Others"": 0}"
DEL-2025,2025 Delhi Legislative Assembly election,5 February 2025,Delhi,70,People's Pulse - Codemo,0.0,True,BJP,BJP,"{""AAP"": [10, 19], ""BJP"": [51, 60], ""INC"": [0, 0], ""Others"": [0, 1]}","{""BJP"": 48, ""AAP"": 22, ""INC"": 0, ""Others"": 0}"
DEL-2025,2025 Delhi Legislative Assembly election,5 February 2025,Delhi,70,Poll Diary,2.2857,True,BJP,BJP,"{""AAP"": [18, 25], ""BJP"": [42, 50], ""INC"": [0, 2], ""Others"": [0, 1]}","{""BJP"": 48, ""AAP"": 22, ""INC"": 0, ""Others"": 0}"
DEL-2025,2025 Delhi Legislative Assembly election,5 February 2025,Delhi,70,Chanakya Strategies,0.0,True,BJP,BJP,"{""AAP"": [25, 28], ""BJP"": [39, 44], ""INC"": [2, 3], ""Others"": [0, 1]}","{""BJP"": 48, ""AAP"": 22, ""INC"": 0, ""Others"": 0}"
DEL-2025,2025 Delhi Legislative Assembly election,5 February 2025,Delhi,70,DV Research,0.0,True,BJP,BJP,"{""AAP"": [26, 34], ""BJP"": [36, 44], ""INC"": [0, 0], ""Others"": [0, 1]}","{""BJP"": 48, ""AAP"": 22, ""INC"": 0, ""Others"": 0}"
DEL-2025,2025 Delhi Legislative Assembly election,5 February 2025,Delhi,70,JVC,0.6111,True,BJP,BJP,"{""AAP"": [22, 31], ""BJP"": [39, 45], ""INC"": [0, 2], ""Others"": [0, 1]}","{""BJP"": 48, ""AAP"": 22, ""INC"": 0, ""Others"": 0}"
DEL-2025,2025 Delhi Legislative Assembly election,5 February 2025,Delhi,70,Mind Brink,0.0,False,AAP,BJP,"{""AAP"": [44, 49], ""BJP"": [21, 25], ""INC"": [0, 1], ""Others"": [0, 1]}","{""BJP"": 48, ""AAP"": 22, ""INC"": 0, ""Others"": 0}"
DEL-2025,2025 Delhi Legislative Assembly election,5 February 2025,Delhi,70,Weepreside,0.0,False,AAP,BJP,"{""AAP"": [46, 52], ""BJP"": [18, 23], ""INC"": [0, 1], ""Others"": [0, 1]}","{""BJP"": 48, ""AAP"": 22, ""INC"": 0, ""Others"": 0}"
DEL-2025,2025 Delhi Legislative Assembly election,5 February 2025,Delhi,70,SAS Group,0.0,True,BJP,BJP,"{""AAP"": [27, 30], ""BJP"": [38, 41], ""INC"": [1, 3], ""Others"": [0, 1]}","{""BJP"": 48, ""AAP"": 22, ""INC"": 0, ""Others"": 0}"
DEL-2025,2025 Delhi Legislative Assembly election,5 February 2025,Delhi,70,Superbo-Poll,0.0,False,AAP,BJP,"{""AAP"": [38, 43], ""BJP"": [20, 25], ""INC"": [7, 12], ""Others"": [0, 1]}","{""BJP"": 48, ""AAP"": 22, ""INC"": 0, ""Others"": 0}"
DEL-2025,2025 Delhi Legislative Assembly election,5 February 2025,Delhi,70,Axis My India,1.75,True,BJP,BJP,"{""AAP"": [15, 25], ""BJP"": [45, 55], ""INC"": [0, 1], ""Others"": [0, 1]}","{""BJP"": 48, ""AAP"": 22, ""INC"": 0, ""Others"": 0}"
DEL-2025,2025 Delhi Legislative Assembly election,5 February 2025,Delhi,70,CNX,0.0,True,BJP,BJP,"{""AAP"": [10, 19], ""BJP"": [49, 61], ""INC"": [0, 1], ""Others"": [0, 1]}","{""BJP"": 48, ""AAP"": 22, ""INC"": 0, ""Others"": 0}"
DEL-2025,2025 Delhi Legislative Assembly election,5 February 2025,Delhi,70,Today's Chanakya,1.4583,True,BJP,BJP,"{""AAP"": [13, 25], ""BJP"": [45, 57], ""INC"": [0, 1], ""Others"": [0, 3]}","{""BJP"": 48, ""AAP"": 22, ""INC"": 0, ""Others"": 0}"
2024_maharashtra_legislative_assembly,2024 Maharashtra Legislative Assembly election,20 November 2024,Maharashtra,288,P-MARQ,0.1667,True,Maha Yuti,Maha Yuti,"{""Maha Yuti"": [147, 157], ""Maha Vikas Aghadi"": [106, 146], ""Others"": [2, 8]}","{""Maha Yuti"": 235, ""Maha Vikas Aghadi"": 50, ""Others"": 3}"
2024_maharashtra_legislative_assembly,2024 Maharashtra Legislative Assembly election,20 November 2024,Maharashtra,288,People's Pulse,0.0,True,Maha Yuti,Maha Yuti,"{""Maha Yuti"": [175, 195], ""Maha Vikas Aghadi"": [85, 112], ""Others"": [7, 12]}","{""Maha Yuti"": 235, ""Maha Vikas Aghadi"": 50, ""Others"": 3}"
2024_maharashtra_legislative_assembly,2024 Maharashtra Legislative Assembly election,20 November 2024,Maharashtra,288,Matrize,0.0,True,Maha Yuti,Maha Yuti,"{""Maha Yuti"": [150, 170], ""Maha Vikas Aghadi"": [110, 130], ""Others"": [8, 10]}","{""Maha Yuti"": 235, ""Maha Vikas Aghadi"": 50, ""Others"": 3}"
2024_maharashtra_legislative_assembly,2024 Maharashtra Legislative Assembly election,20 November 2024,Maharashtra,288,Lokshahi-Marathi Rudra,0.0,True,Maha Yuti,Maha Yuti,"{""Maha Yuti"": [148, 162], ""Maha Vikas Aghadi"": [105, 120], ""Others"": [18, 23]}","{""Maha Yuti"": 235, ""Maha Vikas Aghadi"": 50, ""Others"": 3}"
2024_maharashtra_legislative_assembly,2024 Maharashtra Legislative Assembly election,20 November 2024,Maharashtra,288,JVC,0.0,True,Maha Yuti,Maha Yuti,"{""Maha Yuti"": [150, 167], ""Maha Vikas Aghadi"": [107, 125], ""Others"": [13, 14]}","{""Maha Yuti"": 235, ""Maha Vikas Aghadi"": 50, ""Others"": 3}"
2024_maharashtra_legislative_assembly,2024 Maharashtra Legislative Assembly election,20 November 2024,Maharashtra,288,Today's Chanakya,0.0,True,Maha Yuti,Maha Yuti,"{""Maha Yuti"": [164, 186], ""Maha Vikas Aghadi"": [89, 111], ""Others"": [8, 18]}","{""Maha Yuti"": 235, ""Maha Vikas Aghadi"": 50, ""Others"": 3}"
2024_maharashtra_legislative_assembly,2024 Maharashtra Legislative Assembly election,20 November 2024,Maharashtra,288,Dainik Bhaskar,0.0,False,Maha Vikas Aghadi,Maha Yuti,"{""Maha Yuti"": [125, 140], ""Maha Vikas Aghadi"": [135, 150], ""Others"": [20, 25]}","{""Maha Yuti"": 235, ""Maha Vikas Aghadi"": 50, ""Others"": 3}"
2024_maharashtra_legislative_assembly,2024 Maharashtra Legislative Assembly election,20 November 2024,Maharashtra,288,KK Survey and strategies,4.2551,True,Maha Yuti,Maha Yuti,"{""Maha Yuti"": [214, 236], ""Maha Vikas Aghadi"": [44, 68], ""Others"": [4, 10]}","{""Maha Yuti"": 235, ""Maha Vikas Aghadi"": 50, ""Others"": 3}"
2024_maharashtra_legislative_assembly,2024 Maharashtra Legislative Assembly election,20 November 2024,Maharashtra,288,Electoral Edge,0.0,False,Maha Vikas Aghadi,Maha Yuti,"{""Maha Yuti"": [137, 159], ""Maha Vikas Aghadi"": [138, 162], ""Others"": [17, 23]}","{""Maha Yuti"": 235, ""Maha Vikas Aghadi"": 50, ""Others"": 3}"
2024_maharashtra_legislative_assembly,2024 Maharashtra Legislative Assembly election,20 November 2024,Maharashtra,288,Poll Diary,0.0,True,Maha Yuti,Maha Yuti,"{""Maha Yuti"": [122, 186], ""Maha Vikas Aghadi"": [69, 121], ""Others"": [10, 27]}","{""Maha Yuti"": 235, ""Maha Vikas Aghadi"": 50, ""Others"": 3}"
2024_maharashtra_legislative_assembly,2024 Maharashtra Legislative Assembly election,20 November 2024,Maharashtra,288,People's Insight,0.6944,True,Maha Yuti,Maha Yuti,"{""Maha Yuti"": [202, 224], ""Maha Vikas Aghadi"": [48, 72], ""Others"": [12, 18]}","{""Maha Yuti"": 235, ""Maha Vikas Aghadi"": 50, ""Others"": 3}"
2024_maharashtra_legislative_assembly,2024 Maharashtra Legislative Assembly election,20 November 2024,Maharashtra,288,Axis My India,0.0,True,Maha Yuti,Maha Yuti,"{""Maha Yuti"": [178, 200], ""Maha Vikas Aghadi"": [82, 102], ""Others"": [6, 12]}","{""Maha Yuti"": 235, ""Maha Vikas Aghadi"": 50, ""Others"": 3}"
2024_maharashtra_legislative_assembly,2024 Maharashtra Legislative Assembly election,20 November 2024,Maharashtra,288,CNX Exit Poll,0.0,True,Maha Yuti,Maha Yuti,"{""Maha Yuti"": [160, 179], ""Maha Vikas Aghadi"": [100, 119], ""Others"": [6, 12]}","{""Maha Yuti"": 235, ""Maha Vikas Aghadi"": 50, ""Others"": 3}"
JH_2024,2024 Jharkhand Legislative Assembly Election,13–20 November 2024,Jharkhand,81,Axis My India,2.7333,True,MGB,MGB,"{""BJP"": [17, 27], ""MGB"": [49, 59], ""Others"": [1, 6]}","{""MGB"": 56, ""BJP"": 24, ""Others"": 1}"
JH_2024,2024 Jharkhand Legislative Assembly Election,13–20 November 2024,Jharkhand,81,People's Insight,0.0,False,BJP,MGB,"{""BJP"": [39, 45], ""MGB"": [30, 36], ""Others"": [5, 7]}","{""MGB"": 56, ""BJP"": 24, ""Others"": 1}"
JH_2024,2024 Jharkhand Legislative Assembly Election,13–20 November 2024,Jharkhand,81,Chanakya Strategies,0.0,False,BJP,MGB,"{""BJP"": [45, 50], ""MGB"": [35, 38], ""Others"": [3, 5]}","{""MGB"": 56, ""BJP"": 24, ""Others"": 1}"
JH_2024,2024 Jharkhand Legislative Assembly Election,13–20 November 2024,Jharkhand,81,Dainik Bhaskar,0.1667,False,BJP,MGB,"{""BJP"": [37, 40], ""MGB"": [36, 39], ""Others"": [0, 2]}","{""MGB"": 56, ""BJP"": 24, ""Others"": 1}"
JH_2024,2024 Jharkhand Legislative Assembly Election,13–20 November 2024,Jharkhand,81,Electoral Edge,0.0,True,MGB,MGB,"{""BJP"": [29, 35], ""MGB"": [39, 45], ""Others"": [6, 8]}","{""MGB"": 56, ""BJP"": 24, ""Others"": 1}"
JH_2024,2024 Jharkhand Legislative Assembly Election,13–20 November 2024,Jharkhand,81,Matrize,0.1111,False,BJP,MGB,"{""BJP"": [42, 47], ""MGB"": [25, 30], ""Others"": [1, 4]}","{""MGB"": 56, ""BJP"": 24, ""Others"": 1}"
JH_2024,2024 Jharkhand Legislative Assembly Election,13–20 November 2024,Jharkhand,81,P Marq,0.0,True,MGB,MGB,"{""BJP"": [31, 40], ""MGB"": [37, 47], ""Others"": [6, 8]}","{""MGB"": 56, ""BJP"": 24, ""Others"": 1}"
JH_2024,2024 Jharkhand Legislative Assembly Election,13–20 November 2024,Jharkhand,81,Times Now – JVC,0.1667,False,BJP,MGB,"{""BJP"": [40, 44], ""MGB"": [30, 40], ""Others"": [0, 2]}","{""MGB"": 56, ""BJP"": 24, ""Others"": 1}"
JH_2024,2024 Jharkhand Legislative Assembly Election,13–20 November 2024,Jharkhand,81,People's Pulse,0.0,False,BJP,MGB,"{""BJP"": [44, 53], ""MGB"": [25, 37], ""Others"": [5, 9]}","{""MGB"": 56, ""BJP"": 24, ""Others"": 1}"
haryana2024assembly,Haryana Legislative Assembly Election,2024-10-05,Haryana,90,Dainik Bhaskar,0.3333,False,INDIA,BJP,"{""BJP"": [19, 29], ""INDIA"": [44, 54], ""Others"": [1, 6]}","{""BJP"": 48, ""INDIA"": 37, ""Others"": 5}"
haryana2024assembly,Haryana Legislative Assembly Election,2024-10-05,Haryana,90,People's Insight,0.2778,True,BJP,BJP,"{""BJP"": [49, 57], ""INDIA"": [27, 35], ""Others"": [3, 9]}","{""BJP"": 48, ""INDIA"": 37, ""Others"": 5}"
haryana2024assembly,Haryana Legislative Assembly Election,2024-10-05,Haryana,90,DHRUV,0.2778,False,INDIA,BJP,"{""BJP"": [23, 31], ""INDIA"": [53, 61], ""Others"": [3, 9]}","{""BJP"": 48, ""INDIA"": 37, ""Others"": 5}"
haryana2024assembly,Haryana Legislative Assembly Election,2024-10-05,Haryana,90,Matrize,0.1852,False,INDIA,BJP,"{""BJP"": [18, 24], ""INDIA"": [55, 62], ""Others"": [5, 14]}","{""BJP"": 48, ""INDIA"": 37, ""Others"": 5}"
haryana2024assembly,Haryana Legislative Assembly Election,2024-10-05,Haryana,90,India Today - CVoter,0.0,False,INDIA,BJP,"{""BJP"": [20, 28], ""INDIA"": [50, 58], ""Others"": [10, 16]}","{""BJP"": 48, ""INDIA"": 37, ""Others"": 5}"
haryana2024assembly,Haryana Legislative Assembly Election,2024-10-05,Haryana,90,Politique Marquer,0.2778,False,INDIA,BJP,"{""BJP"": [27, 35], ""INDIA"": [52, 60], ""Others"": [0, 6]}","{""BJP"": 48, ""INDIA"": 37, ""Others"": 5}"
haryana2024assembly,Haryana Legislative Assembly Election,2024-10-05,Haryana,90,South First - People's Pulse,0.4167,False,,BJP,"{""Others"": [5, 9]}","{""BJP"": 48, ""INDIA"": 37, ""Others"": 5}"
JK_LAE_2024,2024 Jammu and Kashmir Legislative Assembly election,18 September – 1 October 2024,Jammu and Kashmir,90,India Today – CVoter,1.9,True,INDIA,INDIA,"{""INDIA"": [40, 48], ""BJP"": [27, 32], ""JKPDP"": [6, 12], ""Others"": [6, 11]}","{""INDIA"": 49, ""BJP"": 29, ""JKPDP"": 3, ""Others"": 9}"
JK_LAE_2024,2024 Jammu and Kashmir Legislative Assembly election,18 September – 1 October 2024,Jammu and Kashmir,90,South First – People's Pulse,3.0625,True,INDIA,INDIA,"{""INDIA"": [46, 50], ""BJP"": [23, 27], ""JKPDP"": [7, 11], ""Others"": [4, 6]}","{""INDIA"": 49, ""BJP"": 29, ""JKPDP"": 3, ""Others"": 9}"
JK_LAE_2024,2024 Jammu and Kashmir Legislative Assembly election,18 September – 1 October 2024,Jammu and Kashmir,90,Axis My India,0.875,True,INDIA,INDIA,"{""INDIA"": [35, 45], ""BJP"": [24, 34], ""JKPDP"": [4, 6], ""Others"": [8, 23]}","{""INDIA"": 49, ""BJP"": 29, ""JKPDP"": 3, ""Others"": 9}"
JK_LAE_2024,2024 Jammu and Kashmir Legislative Assembly election,18 September – 1 October 2024,Jammu and Kashmir,90,Gulistan News,3.85,True,INDIA,INDIA,"{""INDIA"": [31, 36], ""BJP"": [28, 30], ""JKPDP"": [5, 7], ""Others"": [6, 16]}","{""INDIA"": 49, ""BJP"": 29, ""JKPDP"": 3, ""Others"": 9}"
JK_LAE_2024,2024 Jammu and Kashmir Legislative Assembly election,18 September – 1 October 2024,Jammu and Kashmir,90,Poll of Polls,1.8125,True,INDIA,INDIA,"{""INDIA"": [39, 45], ""BJP"": [25, 29], ""JKPDP"": [6, 8], ""Others"": [10, 18]}","{""INDIA"": 49, ""BJP"": 29, ""JKPDP"": 3, ""Others"": 9}"
2024_AP_Assembly,2024 Andhra Pradesh Legislative Assembly election,13 May 2024,Andhra Pradesh,175,KK Surveys and Strategies,3.7222,True,Kutami,Kutami,"{""YSRCP"": [8, 20], ""Kutami"": [153, 169], ""INDIA"": [0, 1]}","{""Kutami"": 164, ""YSRCP"": 11, ""INDIA"": 0}"
2024_AP_Assembly,2024 Andhra Pradesh Legislative Assembly election,13 May 2024,Andhra Pradesh,175,RISE,0.0,True,Kutami,Kutami,"{""YSRCP"": [52, 64], ""Kutami"": [107, 123], ""INDIA"": [0, 2]}","{""Kutami"": 164, ""YSRCP"": 11, ""INDIA"": 0}"
2024_AP_Assembly,2024 Andhra Pradesh Legislative Assembly election,13 May 2024,Andhra Pradesh,175,People's Pulse,0.0,True,Kutami,Kutami,"{""YSRCP"": [45, 60], ""Kutami"": [111, 135], ""INDIA"": [0, 1]}","{""Kutami"": 164, ""YSRCP"": 11, ""INDIA"": 0}"
2024_AP_Assembly,2024 Andhra Pradesh Legislative Assembly election,13 May 2024,Andhra Pradesh,175,India Today – Axis My India,0.0,True,Kutami,Kutami,"{""YSRCP"": [55, 77], ""Kutami"": [98, 120], ""INDIA"": [0, 2]}","{""Kutami"": 164, ""YSRCP"": 11, ""INDIA"": 0}"
2024_AP_Assembly,2024 Andhra Pradesh Legislative Assembly election,13 May 2024,Andhra Pradesh,175,AARA,0.0,False,YSRCP,Kutami,"{""YSRCP"": [94, 104], ""Kutami"": [71, 81], ""INDIA"": [0, 1]}","{""Kutami"": 164, ""YSRCP"": 11, ""INDIA"": 0}"
2024_AP_Assembly,2024 Andhra Pradesh Legislative Assembly election,13 May 2024,Andhra Pradesh,175,Times Now – ETG,0.0,False,YSRCP,Kutami,"{""YSRCP"": [117, 125], ""Kutami"": [50, 58], ""INDIA"": [0, 1]}","{""Kutami"": 164, ""YSRCP"": 11, ""INDIA"": 0}"
ODA_2024,2024 Odisha Legislative Assembly election,2024-05-13 to 2024-06-01,Odisha,147,Axis My India,0.8667,True,BJP,BJP,"{""BJP"": [62, 80], ""BJD"": [62, 80], ""INC"": [5, 8]}","{""BJP"": 78, ""BJD"": 51, ""INC"": 14, ""CPI(M)"": 1, ""Independents"": 3}"
ODA_2024,2024 Odisha Legislative Assembly election,2024-05-13 to 2024-06-01,Odisha,147,Times Now - ETG,0.0,False,BJD,BJP,"{""BJP"": [30, 38], ""BJD"": [100, 115], ""INC"": [4, 7]}","{""BJP"": 78, ""BJD"": 51, ""INC"": 14, ""CPI(M)"": 1, ""Independents"": 3}"
2023-karnataka-legislative-assembly,2023 Karnataka Legislative Assembly election,2023-05-10,Karnataka,224,South First-People's Pulse,0.5,True,INC,INC,"{""INC"": [95, 107], ""BJP"": [84, 98], ""Others"": [2, 4]}","{""INC"": 135, ""BJP"": 66, ""JD(S)"": 19, ""Others"": 4}"
2023-karnataka-legislative-assembly,2023 Karnataka Legislative Assembly election,2023-05-10,Karnataka,224,ABP-CVoter,0.0,True,INC,INC,"{""INC"": [115, 127], ""BJP"": [68, 80], ""Others"": [0, 2]}","{""INC"": 135, ""BJP"": 66, ""JD(S)"": 19, ""Others"": 4}"
2023-karnataka-legislative-assembly,2023 Karnataka Legislative Assembly election,2023-05-10,Karnataka,224,Zee News-Matrize,0.0,False,BJP,INC,"{""INC"": [79, 91], ""BJP"": [103, 115], ""Others"": [1, 3]}","{""INC"": 135, ""BJP"": 66, ""JD(S)"": 19, ""Others"": 4}"
2023-karnataka-legislative-assembly,2023 Karnataka Legislative Assembly election,2023-05-10,Karnataka,224,ABP News-C Voter,0.25,True,INC,INC,"{""INC"": [100, 112], ""BJP"": [83, 95], ""Others"": [2, 6]}","{""INC"": 135, ""BJP"": 66, ""JD(S)"": 19, ""Others"": 4}"
2023-karnataka-legislative-assembly,2023 Karnataka Legislative Assembly election,2023-05-10,Karnataka,224,India Today-Axis My India,2.7917,True,INC,INC,"{""INC"": [122, 140], ""BJP"": [62, 80], ""Others"": [0, 3]}","{""INC"": 135, ""BJP"": 66, ""JD(S)"": 19, ""Others"": 4}"
2023-karnataka-legislative-assembly,2023 Karnataka Legislative Assembly election,2023-05-10,Karnataka,224,India TV-CNX,0.0,True,INC,INC,"{""INC"": [110, 120], ""BJP"": [80, 90], ""Others"": [1, 3]}","{""INC"": 135, ""BJP"": 66, ""JD(S)"": 19, ""Others"": 4}"
2023-karnataka-legislative-assembly,2023 Karnataka Legislative Assembly election,2023-05-10,Karnataka,224,News 24-Today's Chanakya,0.0,True,INC,INC,"{""INC"": [114, 126], ""BJP"": [85, 99], ""Others"": [0, 1]}","{""INC"": 135, ""BJP"": 66, ""JD(S)"": 19, ""Others"": 4}"
2023-karnataka-legislative-assembly,2023 Karnataka Legislative Assembly election,2023-05-10,Karnataka,224,People's Insight,0.0,True,INC,INC,"{""INC"": [102, 114], ""BJP"": [91, 105], ""Others"": [0, 1]}","{""INC"": 135, ""BJP"": 66, ""JD(S)"": 19, ""Others"": 4}"
2023-karnataka-legislative-assembly,2023 Karnataka Legislative Assembly election,2023-05-10,Karnataka,224,News Nation-CGS,0.5,False,BJP,INC,"{""INC"": [80, 92], ""BJP"": [107, 121], ""Others"": [2, 4]}","{""INC"": 135, ""BJP"": 66, ""JD(S)"": 19, ""Others"": 4}"
2023-karnataka-legislative-assembly,2023 Karnataka Legislative Assembly election,2023-05-10,Karnataka,224,Republic TV -P MARQ,0.25,True,INC,INC,"{""INC"": [94, 108], ""BJP"": [85, 100], ""Others"": [2, 6]}","{""INC"": 135, ""BJP"": 66, ""JD(S)"": 19, ""Others"": 4}"
2023-karnataka-legislative-assembly,2023 Karnataka Legislative Assembly election,2023-05-10,Karnataka,224,Suvarna News -Jan Ki Baat,0.0,False,BJP,INC,"{""INC"": [91, 106], ""BJP"": [94, 117], ""Others"": [0, 2]}","{""INC"": 135, ""BJP"": 66, ""JD(S)"": 19, ""Others"": 4}"
2023-karnataka-legislative-assembly,2023 Karnataka Legislative Assembly election,2023-05-10,Karnataka,224,Times Now-ETG,0.5,True,INC,INC,"{""INC"": [107, 119], ""BJP"": [78, 92], ""Others"": [2, 4]}","{""INC"": 135, ""BJP"": 66, ""JD(S)"": 19, ""Others"": 4}"
2023-karnataka-legislative-assembly,2023 Karnataka Legislative Assembly election,2023-05-10,Karnataka,224,TV 9 Bharatvarsh-Polstrat,0.25,True,INC,INC,"{""INC"": [99, 109], ""BJP"": [88, 98], ""Others"": [0, 4]}","{""INC"": 135, ""BJP"": 66, ""JD(S)"": 19, ""Others"": 4}"
2023-karnataka-legislative-assembly,2023 Karnataka Legislative Assembly election,2023-05-10,Karnataka,224,Poll of Polls,0.0,True,INC,INC,"{""INC"": [103, 115], ""BJP"": [84, 98], ""Others"": [1, 3]}","{""INC"": 135, ""BJP"": 66, ""JD(S)"": 19, ""Others"": 4}"
Chhattisgarh2023,2023 Chhattisgarh Legislative Assembly election,2023-11-07 to 2023-11-17,Chhattisgarh,90,ABP News-Matrize,0.0833,False,INC,BJP,"{""INC"": [47, 52], ""BJP"": [34, 39], ""Others"": [1, 5]}","{""BJP"": 54, ""INC"": 35, ""Others"": 1}"
Chhattisgarh2023,2023 Chhattisgarh Legislative Assembly election,2023-11-07 to 2023-11-17,Chhattisgarh,90,ABP News-C-Voter,0.1111,False,INC,BJP,"{""INC"": [48, 54], ""BJP"": [35, 41], ""Others"": [0, 3]}","{""BJP"": 54, ""INC"": 35, ""Others"": 1}"
Chhattisgarh2023,2023 Chhattisgarh Legislative Assembly election,2023-11-07 to 2023-11-17,Chhattisgarh,90,ABP News-CVoter,0.1667,False,INC,BJP,"{""INC"": [45, 55], ""BJP"": [39, 45], ""Others"": [0, 2]}","{""BJP"": 54, ""INC"": 35, ""Others"": 1}"
Chhattisgarh2023,2023 Chhattisgarh Legislative Assembly election,2023-11-07 to 2023-11-17,Chhattisgarh,90,India Today-Axis My India,0.0833,False,INC,BJP,"{""INC"": [40, 50], ""BJP"": [36, 46], ""Others"": [1, 5]}","{""BJP"": 54, ""INC"": 35, ""Others"": 1}"
Chhattisgarh2023,2023 Chhattisgarh Legislative Assembly election,2023-11-07 to 2023-11-17,Chhattisgarh,90,India TV-CNX,0.0,False,INC,BJP,"{""INC"": [46, 56], ""BJP"": [30, 40], ""Others"": [3, 5]}","{""BJP"": 54, ""INC"": 35, ""Others"": 1}"
Chhattisgarh2023,2023 Chhattisgarh Legislative Assembly election,2023-11-07 to 2023-11-17,Chhattisgarh,90,TV9 Bharatvarsh-Polstrat,0.1111,False,INC,BJP,"{""INC"": [40, 50], ""BJP"": [35, 45], ""Others"": [0, 3]}","{""BJP"": 54, ""INC"": 35, ""Others"": 1}"
Chhattisgarh2023,2023 Chhattisgarh Legislative Assembly election,2023-11-07 to 2023-11-17,Chhattisgarh,90,News18-Today's Chanakya,0.1111,False,INC,BJP,"{""INC"": [49, 65], ""BJP"": [25, 41], ""Others"": [0, 3]}","{""BJP"": 54, ""INC"": 35, ""Others"": 1}"
Chhattisgarh2023,2023 Chhattisgarh Legislative Assembly election,2023-11-07 to 2023-11-17,Chhattisgarh,90,People's Insight,0.3333,True,BJP,BJP,"{""INC"": [19, 27], ""BJP"": [63, 71], ""Others"": [0, 1]}","{""BJP"": 54, ""INC"": 35, ""Others"": 1}"
Chhattisgarh2023,2023 Chhattisgarh Legislative Assembly election,2023-11-07 to 2023-11-17,Chhattisgarh,90,Republic TV-Matrize,0.1667,False,INC,BJP,"{""INC"": [44, 52], ""BJP"": [34, 42], ""Others"": [0, 2]}","{""BJP"": 54, ""INC"": 35, ""Others"": 1}"
Chhattisgarh2023,2023 Chhattisgarh Legislative Assembly election,2023-11-07 to 2023-11-17,Chhattisgarh,90,Dainik Bhaskar,0.0333,False,INC,BJP,"{""INC"": [46, 55], ""BJP"": [35, 45], ""Others"": [0, 10]}","{""BJP"": 54, ""INC"": 35, ""Others"": 1}"
Chhattisgarh2023,2023 Chhattisgarh Legislative Assembly election,2023-11-07 to 2023-11-17,Chhattisgarh,90,Times Now-ETG,0.0,False,INC,BJP,"{""INC"": [48, 56], ""BJP"": [32, 40], ""Others"": [2, 4]}","{""BJP"": 54, ""INC"": 35, ""Others"": 1}"
Chhattisgarh2023,2023 Chhattisgarh Legislative Assembly election,2023-11-07 to 2023-11-17,Chhattisgarh,90,Jan Ki Baat,0.0,False,INC,BJP,"{""INC"": [42, 53], ""BJP"": [34, 45], ""Others"": [2, 4]}","{""BJP"": 54, ""INC"": 35, ""Others"": 1}"
Chhattisgarh2023,2023 Chhattisgarh Legislative Assembly election,2023-11-07 to 2023-11-17,Chhattisgarh,90,Poll of Polls,0.0,False,INC,BJP,"{""INC"": [45, 53], ""BJP"": [34, 42], ""Others"": [2, 4]}","{""BJP"": 54, ""INC"": 35, ""Others"": 1}"
2023_rajasthan_legislative_assembly,2023 Rajasthan Legislative Assembly Election,25 November 2023,Rajasthan,200,ABP News-CVoter,0.0,True,BJP,BJP,"{""INC"": [59, 69], ""BJP"": [127, 137], ""Others"": [2, 7]}","{""INC+"": 71, ""BJP"": 115, ""Others"": 14}"
2023_rajasthan_legislative_assembly,2023 Rajasthan Legislative Assembly Election,25 November 2023,Rajasthan,200,India Today-Axis My India,0.5185,False,INC+,BJP,"{""INC+"": [86, 106], ""BJP"": [80, 100], ""Others"": [9, 18]}","{""INC+"": 71, ""BJP"": 115, ""Others"": 14}"
2023_rajasthan_legislative_assembly,2023 Rajasthan Legislative Assembly Election,25 November 2023,Rajasthan,200,TV9 Bharatvarsh-Polstrat,0.4667,True,BJP,BJP,"{""INC+"": [90, 100], ""BJP"": [100, 110], ""Others"": [5, 15]}","{""INC+"": 71, ""BJP"": 115, ""Others"": 14}"
2023_rajasthan_legislative_assembly,2023 Rajasthan Legislative Assembly Election,25 November 2023,Rajasthan,200,Republic TV-Matrize,5.5889,True,BJP,BJP,"{""INC+"": [65, 75], ""BJP"": [115, 130], ""Others"": [12, 19]}","{""INC+"": 71, ""BJP"": 115, ""Others"": 14}"
2023_rajasthan_legislative_assembly,2023 Rajasthan Legislative Assembly Election,25 November 2023,Rajasthan,200,People's Insight,2.7381,True,BJP,BJP,"{""INC+"": [72, 86], ""BJP"": [105, 119], ""Others"": [5, 11]}","{""INC+"": 71, ""BJP"": 115, ""Others"": 14}"
2023_rajasthan_legislative_assembly,2023 Rajasthan Legislative Assembly Election,25 November 2023,Rajasthan,200,Times Now-ETG,3.9792,True,BJP,BJP,"{""INC+"": [56, 72], ""BJP"": [108, 128], ""Others"": [13, 21]}","{""INC+"": 71, ""BJP"": 115, ""Others"": 14}"
2023_rajasthan_legislative_assembly,2023 Rajasthan Legislative Assembly Election,25 November 2023,Rajasthan,200,Jan Ki Baat,7.4381,True,BJP,BJP,"{""INC+"": [62, 85], ""BJP"": [100, 122], ""Others"": [14, 15]}","{""INC+"": 71, ""BJP"": 115, ""Others"": 14}"
2023_rajasthan_legislative_assembly,2023 Rajasthan Legislative Assembly Election,25 November 2023,Rajasthan,200,India TV-CNX,1.1667,False,INC+,BJP,"{""INC+"": [94, 104], ""BJP"": [80, 90], ""Others"": [14, 18]}","{""INC+"": 71, ""BJP"": 115, ""Others"": 14}"
2023_rajasthan_legislative_assembly,2023 Rajasthan Legislative Assembly Election,25 November 2023,Rajasthan,200,News24-Today's Chanakya,0.0,False,INC+,BJP,"{""INC+"": [94, 108], ""BJP"": [82, 96], ""Others"": [6, 12]}","{""INC+"": 71, ""BJP"": 115, ""Others"": 14}"
2023_rajasthan_legislative_assembly,2023 Rajasthan Legislative Assembly Election,25 November 2023,Rajasthan,200,P-MARQ,3.4591,True,BJP,BJP,"{""INC+"": [69, 91], ""BJP"": [105, 125], ""Others"": [5, 15]}","{""INC+"": 71, ""BJP"": 115, ""Others"": 14}"
2023_rajasthan_legislative_assembly,2023 Rajasthan Legislative Assembly Election,25 November 2023,Rajasthan,200,Dainik Bhaskar,0.9333,True,BJP,BJP,"{""INC+"": [85, 95], ""BJP"": [98, 105], ""Others"": [10, 15]}","{""INC+"": 71, ""BJP"": 115, ""Others"": 14}"
2023_rajasthan_legislative_assembly,2023 Rajasthan Legislative Assembly Election,25 November 2023,Rajasthan,200,Poll of Polls,0.0,True,BJP,BJP,"{""INC+"": [78, 92], ""BJP"": [98, 112], ""Others"": [7, 13]}","{""INC+"": 71, ""BJP"": 115, ""Others"": 14}"
MP2023,2023 Madhya Pradesh Legislative Assembly election,2023-11-17,Madhya Pradesh,230,ABP News-CVoter,0.0667,False,INC,BJP,"{""BJP"": [104, 116], ""INC"": [113, 125], ""Others"": [0, 5]}","{""BJP"": 163, ""INC"": 66, ""Others"": 1}"
MP2023,2023 Madhya Pradesh Legislative Assembly election,2023-11-17,Madhya Pradesh,230,India TV-CNX,0.0556,True,BJP,BJP,"{""BJP"": [111, 127], ""INC"": [99, 115], ""Others"": [1, 7]}","{""BJP"": 163, ""INC"": 66, ""Others"": 1}"
MP2023,2023 Madhya Pradesh Legislative Assembly election,2023-11-17,Madhya Pradesh,230,India Today-Axis My India,0.1111,True,BJP,BJP,"{""BJP"": [140, 162], ""INC"": [68, 90], ""Others"": [0, 3]}","{""BJP"": 163, ""INC"": 66, ""Others"": 1}"
MP2023,2023 Madhya Pradesh Legislative Assembly election,2023-11-17,Madhya Pradesh,230,TV9 Bharatvarsh-Polstrat,0.0556,False,INC,BJP,"{""BJP"": [106, 116], ""INC"": [111, 121], ""Others"": [0, 6]}","{""BJP"": 163, ""INC"": 66, ""Others"": 1}"
MP2023,2023 Madhya Pradesh Legislative Assembly election,2023-11-17,Madhya Pradesh,230,Republic TV-Matrize,0.1667,True,BJP,BJP,"{""BJP"": [118, 130], ""INC"": [97, 107], ""Others"": [0, 2]}","{""BJP"": 163, ""INC"": 66, ""Others"": 1}"
MP2023,2023 Madhya Pradesh Legislative Assembly election,2023-11-17,Madhya Pradesh,230,People's Insight,0.1111,True,BJP,BJP,"{""BJP"": [193, 209], ""INC"": [21, 37], ""Others"": [0, 3]}","{""BJP"": 163, ""INC"": 66, ""Others"": 1}"
MP2023,2023 Madhya Pradesh Legislative Assembly election,2023-11-17,Madhya Pradesh,230,Times Now-ETG,0.0833,False,INC,BJP,"{""BJP"": [105, 117], ""INC"": [109, 125], ""Others"": [1, 5]}","{""BJP"": 163, ""INC"": 66, ""Others"": 1}"
MP2023,2023 Madhya Pradesh Legislative Assembly election,2023-11-17,Madhya Pradesh,230,Jan Ki Baat,0.0,False,INC,BJP,"{""BJP"": [100, 123], ""INC"": [102, 125], ""Others"": [2, 8]}","{""BJP"": 163, ""INC"": 66, ""Others"": 1}"
MP2023,2023 Madhya Pradesh Legislative Assembly election,2023-11-17,Madhya Pradesh,230,News24-Today's Chanakya,3.2222,True,BJP,BJP,"{""BJP"": [139, 163], ""INC"": [62, 86], ""Others"": [1, 9]}","{""BJP"": 163, ""INC"": 66, ""Others"": 1}"
MP2023,2023 Madhya Pradesh Legislative Assembly election,2023-11-17,Madhya Pradesh,230,Dainik Bhaskar,0.0222,False,INC,BJP,"{""BJP"": [95, 115], ""INC"": [105, 120], ""Others"": [0, 15]}","{""BJP"": 163, ""INC"": 66, ""Others"": 1}"
MP2023,2023 Madhya Pradesh Legislative Assembly election,2023-11-17,Madhya Pradesh,230,Poll of Polls,0.0556,True,BJP,BJP,"{""BJP"": [116, 132], ""INC"": [94, 110], ""Others"": [1, 7]}","{""BJP"": 163, ""INC"": 66, ""Others"": 1}"
telangana-2023,2023 Telangana Legislative Assembly election,30 November 2023,Telangana,119,ABP News-CVoter,0.2222,False,INC,INC+,"{""INC"": [43, 55], ""BJP"": [5, 11], ""Others"": [4, 10]}","{""BRS"": 39, ""INC+"": 65, ""BJP"": 8, ""AIMIM"": 7}"
telangana-2023,2023 Telangana Legislative Assembly election,30 November 2023,Telangana,119,Republic TV -Matrize,1.62,True,INC+,INC+,"{""INC+"": [58, 68], ""BJP"": [4, 9], ""Others"": [5, 7]}","{""BRS"": 39, ""INC+"": 65, ""BJP"": 8, ""AIMIM"": 7}"
telangana-2023,2023 Telangana Legislative Assembly election,30 November 2023,Telangana,119,Jan Ki Baat,0.2667,True,INC+,INC+,"{""INC+"": [48, 64], ""BJP"": [7, 13], ""Others"": [4, 7]}","{""BRS"": 39, ""INC+"": 65, ""BJP"": 8, ""AIMIM"": 7}"
telangana-2023,2023 Telangana Legislative Assembly election,30 November 2023,Telangana,119,India TV -CNX,0.8125,True,INC+,INC+,"{""INC+"": [63, 79], ""BJP"": [2, 4], ""Others"": [5, 7]}","{""BRS"": 39, ""INC+"": 65, ""BJP"": 8, ""AIMIM"": 7}"
telangana-2023,2023 Telangana Legislative Assembly election,30 November 2023,Telangana,119,ABP News - CVoter,1.0125,True,INC+,INC+,"{""INC+"": [49, 65], ""BJP"": [5, 13], ""Others"": [5, 9]}","{""BRS"": 39, ""INC+"": 65, ""BJP"": 8, ""AIMIM"": 7}"
telangana-2023,2023 Telangana Legislative Assembly election,30 November 2023,Telangana,119,News 24-Today's Chanakya,0.8822,True,INC+,INC+,"{""INC+"": [62, 80], ""BJP"": [2, 12], ""Others"": [5, 11]}","{""BRS"": 39, ""INC+"": 65, ""BJP"": 8, ""AIMIM"": 7}"
telangana-2023,2023 Telangana Legislative Assembly election,30 November 2023,Telangana,119,TV9 Bharatvarsh -Polstrat,0.32,True,INC+,INC+,"{""INC+"": [49, 59], ""BJP"": [5, 10], ""Others"": [6, 8]}","{""BRS"": 39, ""INC+"": 65, ""BJP"": 8, ""AIMIM"": 7}"
telangana-2023,2023 Telangana Legislative Assembly election,30 November 2023,Telangana,119,Times Now -ETG,2.1,True,INC+,INC+,"{""INC+"": [60, 70], ""BJP"": [6, 8], ""Others"": [5, 7]}","{""BRS"": 39, ""INC+"": 65, ""BJP"": 8, ""AIMIM"": 7}"
telangana-2023,2023 Telangana Legislative Assembly election,30 November 2023,Telangana,119,India Today -Axis My India,1.7,True,INC+,INC+,"{""INC+"": [63, 73], ""BJP"": [4, 8], ""Others"": [5, 8]}","{""BRS"": 39, ""INC+"": 65, ""BJP"": 8, ""AIMIM"": 7}"
telangana-2023,2023 Telangana Legislative Assembly election,30 November 2023,Telangana,119,NDTV Poll of Polls,1.4833,True,INC+,INC+,"{""INC+"": [56, 68], ""BJP"": [5, 9], ""Others"": [5, 7]}","{""BRS"": 39, ""INC+"": 65, ""BJP"": 8, ""AIMIM"": 7}"
mizoram-2023,2023 Mizoram Legislative Assembly election,2023-11-07,Mizoram,40,ABP News-CVoter,0.25,False,INC,ZPM,"{""INC"": [6, 10], ""BJP"": [0, 2]}","{""ZPM"": 27, ""MNF"": 10, ""INC"": 1, ""BJP"": 2}"
mizoram-2023,2023 Mizoram Legislative Assembly election,2023-11-07,Mizoram,40,India TV-CNX,0.25,False,INC,ZPM,"{""INC"": [8, 10], ""BJP"": [0, 2]}","{""ZPM"": 27, ""MNF"": 10, ""INC"": 1, ""BJP"": 2}"
mizoram-2023,2023 Mizoram Legislative Assembly election,2023-11-07,Mizoram,40,Jan Ki Baat,0.25,False,INC,ZPM,"{""INC"": [5, 9], ""BJP"": [0, 2]}","{""ZPM"": 27, ""MNF"": 10, ""INC"": 1, ""BJP"": 2}"
mizoram-2023,2023 Mizoram Legislative Assembly election,2023-11-07,Mizoram,40,India Today-Axis My India,0.25,False,INC,ZPM,"{""INC"": [2, 4], ""BJP"": [0, 2]}","{""ZPM"": 27, ""MNF"": 10, ""INC"": 1, ""BJP"": 2}"
mizoram-2023,2023 Mizoram Legislative Assembly election,2023-11-07,Mizoram,40,Republic TV-Matrize,0.5,False,INC,ZPM,"{""INC"": [7, 10], ""BJP"": [1, 2]}","{""ZPM"": 27, ""MNF"": 10, ""INC"": 1, ""BJP"": 2}"
mizoram-2023,2023 Mizoram Legislative Assembly election,2023-11-07,Mizoram,40,Times Now-ETG,0.25,False,INC,ZPM,"{""INC"": [9, 13], ""BJP"": [0, 2]}","{""ZPM"": 27, ""MNF"": 10, ""INC"": 1, ""BJP"": 2}"
mizoram-2023,2023 Mizoram Legislative Assembly election,2023-11-07,Mizoram,40,Poll of Polls,0.5,False,INC,ZPM,"{""INC"": [6, 8], ""BJP"": [2, 2]}","{""ZPM"": 27, ""MNF"": 10, ""INC"": 1, ""BJP"": 2}"2025-delhi-legislative-assembly,2025 Delhi Legislative Assembly election,5 February 2025,Delhi,70,Matrize,0.0,True,NDA,NDA,"{""AAP"": [32, 37], ""NDA"": [35, 40], ""INC"": [0, 1], ""Others"": [0, 1]}","{""NDA"": 48, ""AAP"": 22}"
2025-delhi-legislative-assembly,2025 Delhi Legislative Assembly election,5 February 2025,Delhi,70,P-Marq,1.75,True,NDA,NDA,"{""AAP"": [21, 31], ""NDA"": [39, 49], ""INC"": [0, 1], ""Others"": [0, 1]}","{""NDA"": 48, ""AAP"": 22}"
2025-delhi-legislative-assembly,2025 Delhi Legislative Assembly election,5 February 2025,Delhi,70,People's Insight,0.0,True,NDA,NDA,"{""AAP"": [12, 18], ""NDA"": [51, 57], ""INC"": [1, 1], ""Others"": [0, 1]}","{""NDA"": 48, ""AAP"": 22}"
2025-delhi-legislative-assembly,2025 Delhi Legislative Assembly election,5 February 2025,Delhi,70,People's Pulse - Codemo,0.0,True,NDA,NDA,"{""AAP"": [10, 19], ""NDA"": [51, 60], ""INC"": [0, 0], ""Others"": [0, 1]}","{""NDA"": 48, ""AAP"": 22}"
2025-delhi-legislative-assembly,2025 Delhi Legislative Assembly election,5 February 2025,Delhi,70,Poll Diary,2.2857,True,NDA,NDA,"{""AAP"": [18, 25], ""NDA"": [42, 50], ""INC"": [0, 2], ""Others"": [0, 1]}","{""NDA"": 48, ""AAP"": 22}"
2025-delhi-legislative-assembly,2025 Delhi Legislative Assembly election,5 February 2025,Delhi,70,Chanakya Strategies,0.0,True,NDA,NDA,"{""AAP"": [25, 28], ""NDA"": [39, 44], ""INC"": [2, 3], ""Others"": [0, 1]}","{""NDA"": 48, ""AAP"": 22}"
2025-delhi-legislative-assembly,2025 Delhi Legislative Assembly election,5 February 2025,Delhi,70,DV Research,0.0,True,NDA,NDA,"{""AAP"": [26, 34], ""NDA"": [36, 44], ""INC"": [0, 0], ""Others"": [0, 1]}","{""NDA"": 48, ""AAP"": 22}"
2025-delhi-legislative-assembly,2025 Delhi Legislative Assembly election,5 February 2025,Delhi,70,JVC,0.6111,True,NDA,NDA,"{""AAP"": [22, 31], ""NDA"": [39, 45], ""INC"": [0, 2], ""Others"": [0, 1]}","{""NDA"": 48, ""AAP"": 22}"
2025-delhi-legislative-assembly,2025 Delhi Legislative Assembly election,5 February 2025,Delhi,70,Mind Brink,0.0,False,AAP,NDA,"{""AAP"": [44, 49], ""NDA"": [21, 25], ""INC"": [0, 1], ""Others"": [0, 1]}","{""NDA"": 48, ""AAP"": 22}"
2025-delhi-legislative-assembly,2025 Delhi Legislative Assembly election,5 February 2025,Delhi,70,Weepreside,0.0,False,AAP,NDA,"{""AAP"": [46, 52], ""NDA"": [18, 23], ""INC"": [0, 1], ""Others"": [0, 1]}","{""NDA"": 48, ""AAP"": 22}"
2025-delhi-legislative-assembly,2025 Delhi Legislative Assembly election,5 February 2025,Delhi,70,SAS Group,0.0,True,NDA,NDA,"{""AAP"": [27, 30], ""NDA"": [38, 41], ""INC"": [1, 3], ""Others"": [0, 1]}","{""NDA"": 48, ""AAP"": 22}"
2025-delhi-legislative-assembly,2025 Delhi Legislative Assembly election,5 February 2025,Delhi,70,Superbo-Poll,0.0,False,AAP,NDA,"{""AAP"": [38, 43], ""NDA"": [20, 25], ""INC"": [7, 12], ""Others"": [0, 1]}","{""NDA"": 48, ""AAP"": 22}"
2025-delhi-legislative-assembly,2025 Delhi Legislative Assembly election,5 February 2025,Delhi,70,Axis My India,1.75,True,NDA,NDA,"{""AAP"": [15, 25], ""NDA"": [45, 55], ""INC"": [0, 1], ""Others"": [0, 1]}","{""NDA"": 48, ""AAP"": 22}"
2025-delhi-legislative-assembly,2025 Delhi Legislative Assembly election,5 February 2025,Delhi,70,CNX,0.0,True,NDA,NDA,"{""AAP"": [10, 19], ""NDA"": [49, 61], ""INC"": [0, 1], ""Others"": [0, 1]}","{""NDA"": 48, ""AAP"": 22}"
2025-delhi-legislative-assembly,2025 Delhi Legislative Assembly election,5 February 2025,Delhi,70,Today's Chanakya,1.4583,True,NDA,NDA,"{""AAP"": [13, 25], ""NDA"": [45, 57], ""INC"": [0, 1], ""Others"": [0, 3]}","{""NDA"": 48, ""AAP"": 22}"
2024_jharkhand_assembly,2024 Jharkhand Legislative Assembly election,13–20 November 2024,Jharkhand,81,Axis My India,2.6667,True,MGB,MGB,"{""NDA"": [17, 27], ""MGB"": [49, 59], ""Others"": [1, 6]}","{""MGB"": 56, ""NDA"": 24}"
2024_jharkhand_assembly,2024 Jharkhand Legislative Assembly election,13–20 November 2024,Jharkhand,81,People's Insight,0.0,False,NDA,MGB,"{""NDA"": [39, 45], ""MGB"": [30, 36], ""Others"": [5, 7]}","{""MGB"": 56, ""NDA"": 24}"
2024_jharkhand_assembly,2024 Jharkhand Legislative Assembly election,13–20 November 2024,Jharkhand,81,Chanakya Strategies,0.0,False,NDA,MGB,"{""NDA"": [45, 50], ""MGB"": [35, 38], ""Others"": [3, 5]}","{""MGB"": 56, ""NDA"": 24}"
2024_jharkhand_assembly,2024 Jharkhand Legislative Assembly election,13–20 November 2024,Jharkhand,81,Dainik Bhaskar,0.0,False,NDA,MGB,"{""NDA"": [37, 40], ""MGB"": [36, 39], ""Others"": [0, 2]}","{""MGB"": 56, ""NDA"": 24}"
2024_jharkhand_assembly,2024 Jharkhand Legislative Assembly election,13–20 November 2024,Jharkhand,81,Electoral Edge,0.0,True,MGB,MGB,"{""NDA"": [29, 35], ""MGB"": [39, 45], ""Others"": [6, 8]}","{""MGB"": 56, ""NDA"": 24}"
2024_jharkhand_assembly,2024 Jharkhand Legislative Assembly election,13–20 November 2024,Jharkhand,81,Matrize,0.0,False,NDA,MGB,"{""NDA"": [42, 47], ""MGB"": [25, 30], ""Others"": [1, 4]}","{""MGB"": 56, ""NDA"": 24}"
2024_jharkhand_assembly,2024 Jharkhand Legislative Assembly election,13–20 November 2024,Jharkhand,81,P Marq,0.0,True,MGB,MGB,"{""NDA"": [31, 40], ""MGB"": [37, 47], ""Others"": [6, 8]}","{""MGB"": 56, ""NDA"": 24}"
2024_jharkhand_assembly,2024 Jharkhand Legislative Assembly election,13–20 November 2024,Jharkhand,81,Times Now – JVC,0.0,False,NDA,MGB,"{""NDA"": [40, 44], ""MGB"": [30, 40], ""Others"": [0, 2]}","{""MGB"": 56, ""NDA"": 24}"
2024_jharkhand_assembly,2024 Jharkhand Legislative Assembly election,13–20 November 2024,Jharkhand,81,People's Pulse,0.0,False,NDA,MGB,"{""NDA"": [44, 53], ""MGB"": [25, 37], ""Others"": [5, 9]}","{""MGB"": 56, ""NDA"": 24}"
2024_Andhra_Pradesh_Assembly,2024 Andhra Pradesh Legislative Assembly election,13 May 2024,Andhra Pradesh,175,KK Surveys and Strategies,3.7222,True,Kutami,Kutami,"{""YSRCP"": [8, 20], ""Kutami"": [153, 169], ""INDIA"": [0, 1]}","{""Kutami"": 164, ""YSRCP"": 11}"
2024_Andhra_Pradesh_Assembly,2024 Andhra Pradesh Legislative Assembly election,13 May 2024,Andhra Pradesh,175,RISE,0.0,True,Kutami,Kutami,"{""YSRCP"": [52, 64], ""Kutami"": [107, 123], ""INDIA"": [0, 2]}","{""Kutami"": 164, ""YSRCP"": 11}"
2024_Andhra_Pradesh_Assembly,2024 Andhra Pradesh Legislative Assembly election,13 May 2024,Andhra Pradesh,175,People's Pulse,0.0,True,Kutami,Kutami,"{""YSRCP"": [45, 60], ""Kutami"": [111, 135], ""INDIA"": [0, 1]}","{""Kutami"": 164, ""YSRCP"": 11}"
2024_Andhra_Pradesh_Assembly,2024 Andhra Pradesh Legislative Assembly election,13 May 2024,Andhra Pradesh,175,India Today – Axis My India,0.0,True,Kutami,Kutami,"{""YSRCP"": [55, 77], ""Kutami"": [98, 120], ""INDIA"": [0, 2]}","{""Kutami"": 164, ""YSRCP"": 11}"
2024_Andhra_Pradesh_Assembly,2024 Andhra Pradesh Legislative Assembly election,13 May 2024,Andhra Pradesh,175,AARA,0.0,False,YSRCP,Kutami,"{""YSRCP"": [94, 104], ""Kutami"": [71, 81], ""INDIA"": [0, 1]}","{""Kutami"": 164, ""YSRCP"": 11}"
2024_Andhra_Pradesh_Assembly,2024 Andhra Pradesh Legislative Assembly election,13 May 2024,Andhra Pradesh,175,Times Now – ETG,0.0,False,YSRCP,Kutami,"{""YSRCP"": [117, 125], ""Kutami"": [50, 58], ""INDIA"": [0, 1]}","{""Kutami"": 164, ""YSRCP"": 11}"
2024_odisha_legislative_assembly_election,2024 Odisha Legislative Assembly Election,13 May – 1 June 2024,Odisha,147,Axis My India,1.4444,True,BJP,BJP,"{""BJP"": [62, 80], ""BJD"": [62, 80], ""INC"": [5, 8]}","{""BJP"": 78, ""BJD"": 51, ""INC"": 14}"
2024_odisha_legislative_assembly_election,2024 Odisha Legislative Assembly Election,13 May – 1 June 2024,Odisha,147,Times Now - ETG,0.0,False,BJD,BJP,"{""BJP"": [30, 38], ""BJD"": [100, 115], ""INC"": [4, 7]}","{""BJP"": 78, ""BJD"": 51, ""INC"": 14}"
2023mp,2023 Madhya Pradesh Legislative Assembly election,2023-11-17,Madhya Pradesh,230,ABP News-CVoter,0.0667,False,INC,BJP,"{""BJP"": [104, 116], ""INC"": [113, 125], ""Others"": [0, 5]}","{""BJP"": 163, ""INC"": 66, ""Others"": 1}"
2023mp,2023 Madhya Pradesh Legislative Assembly election,2023-11-17,Madhya Pradesh,230,India TV-CNX,0.0556,True,BJP,BJP,"{""BJP"": [111, 127], ""INC"": [99, 115], ""Others"": [1, 7]}","{""BJP"": 163, ""INC"": 66, ""Others"": 1}"
2023mp,2023 Madhya Pradesh Legislative Assembly election,2023-11-17,Madhya Pradesh,230,India Today-Axis My India,0.1111,True,BJP,BJP,"{""BJP"": [140, 162], ""INC"": [68, 90], ""Others"": [0, 3]}","{""BJP"": 163, ""INC"": 66, ""Others"": 1}"
2023mp,2023 Madhya Pradesh Legislative Assembly election,2023-11-17,Madhya Pradesh,230,TV9 Bharatvarsh-Polstrat,0.0556,False,INC,BJP,"{""BJP"": [106, 116], ""INC"": [111, 121], ""Others"": [0, 6]}","{""BJP"": 163, ""INC"": 66, ""Others"": 1}"
2023mp,2023 Madhya Pradesh Legislative Assembly election,2023-11-17,Madhya Pradesh,230,Republic TV-Matrize,0.1667,True,BJP,BJP,"{""BJP"": [118, 130], ""INC"": [97, 107], ""Others"": [0, 2]}","{""BJP"": 163, ""INC"": 66, ""Others"": 1}"
2023mp,2023 Madhya Pradesh Legislative Assembly election,2023-11-17,Madhya Pradesh,230,People's Insight,0.1111,True,BJP,BJP,"{""BJP"": [193, 209], ""INC"": [21, 37], ""Others"": [0, 3]}","{""BJP"": 163, ""INC"": 66, ""Others"": 1}"
2023mp,2023 Madhya Pradesh Legislative Assembly election,2023-11-17,Madhya Pradesh,230,Times Now-ETG,0.0833,False,INC,BJP,"{""BJP"": [105, 117], ""INC"": [109, 125], ""Others"": [1, 5]}","{""BJP"": 163, ""INC"": 66, ""Others"": 1}"
2023mp,2023 Madhya Pradesh Legislative Assembly election,2023-11-17,Madhya Pradesh,230,Jan Ki Baat,0.0,False,INC,BJP,"{""BJP"": [100, 123], ""INC"": [102, 125], ""Others"": [2, 8]}","{""BJP"": 163, ""INC"": 66, ""Others"": 1}"
2023mp,2023 Madhya Pradesh Legislative Assembly election,2023-11-17,Madhya Pradesh,230,News24-Today's Chanakya,3.2222,True,BJP,BJP,"{""BJP"": [139, 163], ""INC"": [62, 86], ""Others"": [1, 9]}","{""BJP"": 163, ""INC"": 66, ""Others"": 1}"
2023mp,2023 Madhya Pradesh Legislative Assembly election,2023-11-17,Madhya Pradesh,230,Dainik Bhaskar,0.0222,False,INC,BJP,"{""BJP"": [95, 115], ""INC"": [105, 120], ""Others"": [0, 15]}","{""BJP"": 163, ""INC"": 66, ""Others"": 1}"
2023mp,2023 Madhya Pradesh Legislative Assembly election,2023-11-17,Madhya Pradesh,230,Poll of Polls,0.0556,True,BJP,BJP,"{""BJP"": [116, 132], ""INC"": [94, 110], ""Others"": [1, 7]}","{""BJP"": 163, ""INC"": 66, ""Others"": 1}"
Tripura2023,2023 Tripura Legislative Assembly Election,2023-02-16,Tripura,60,Zee News -Matrize,1.1786,True,NDA,NDA,"{""NDA"": [29, 36], ""Others"": [0, 3]}","{""NDA"": 33, ""SDF"": 14, ""TMP"": 13, ""Others"": 0}"
Tripura2023,2023 Tripura Legislative Assembly Election,2023-02-16,Tripura,60,India Today - Axis My India,0.0,True,NDA,NDA,"{""NDA"": [36, 45], ""Others"": [1, 1]}","{""NDA"": 33, ""SDF"": 14, ""TMP"": 13, ""Others"": 0}"
Tripura2023,2023 Tripura Legislative Assembly Election,2023-02-16,Tripura,60,Times Now - ETG,0.0,True,NDA,NDA,"{""NDA"": [21, 27], ""Others"": [1, 2]}","{""NDA"": 33, ""SDF"": 14, ""TMP"": 13, ""Others"": 0}"
Tripura2023,2023 Tripura Legislative Assembly Election,2023-02-16,Tripura,60,India News -Jan Ki Baat,0.75,True,NDA,NDA,"{""NDA"": [29, 40], ""Others"": [0, 1]}","{""NDA"": 33, ""SDF"": 14, ""TMP"": 13, ""Others"": 0}"
2022_Himachal_Pradesh_Legislative_Assembly_Election,2022 Himachal Pradesh Legislative Assembly Election,2022-11-12,Himachal Pradesh,68,ABP News - CVoter,0.25,False,BJP,INC,"{""BJP"": [37, 45], ""INC"": [21, 29], ""AAP"": [0, 1], ""Others"": [0, 3]}","{""BJP"": 25, ""INC"": 40, ""AAP"": 0, ""Others"": 3}"
2022_Himachal_Pradesh_Legislative_Assembly_Election,2022 Himachal Pradesh Legislative Assembly Election,2022-11-12,Himachal Pradesh,68,India TV -Matrize,0.375,False,BJP,INC,"{""BJP"": [38, 44], ""INC"": [22, 28], ""AAP"": [0, 0], ""Others"": [1, 3]}","{""BJP"": 25, ""INC"": 40, ""AAP"": 0, ""Others"": 3}"
2022_Himachal_Pradesh_Legislative_Assembly_Election,2022 Himachal Pradesh Legislative Assembly Election,2022-11-12,Himachal Pradesh,68,Aaj Tak - Axis My India,1.625,True,INC,INC,"{""BJP"": [24, 34], ""INC"": [30, 40], ""AAP"": [0, 0], ""Others"": [4, 8]}","{""BJP"": 25, ""INC"": 40, ""AAP"": 0, ""Others"": 3}"
2022_Himachal_Pradesh_Legislative_Assembly_Election,2022 Himachal Pradesh Legislative Assembly Election,2022-11-12,Himachal Pradesh,68,News 24 -Today's Chanakya,0.375,False,BJP,INC,"{""BJP"": [30, 36], ""INC"": [30, 36], ""AAP"": [0, 0], ""Others"": [1, 3]}","{""BJP"": 25, ""INC"": 40, ""AAP"": 0, ""Others"": 3}"
2022_Himachal_Pradesh_Legislative_Assembly_Election,2022 Himachal Pradesh Legislative Assembly Election,2022-11-12,Himachal Pradesh,68,NewsX -Jan Ki Baat,0.0,False,BJP,INC,"{""BJP"": [32, 40], ""INC"": [27, 34], ""AAP"": [0, 0], ""Others"": [1, 2]}","{""BJP"": 25, ""INC"": 40, ""AAP"": 0, ""Others"": 3}"
2022_Himachal_Pradesh_Legislative_Assembly_Election,2022 Himachal Pradesh Legislative Assembly Election,2022-11-12,Himachal Pradesh,68,Republic TV -P MARQ,0.25,False,BJP,INC,"{""BJP"": [34, 39], ""INC"": [28, 33], ""AAP"": [0, 1], ""Others"": [1, 4]}","{""BJP"": 25, ""INC"": 40, ""AAP"": 0, ""Others"": 3}"
2022_Himachal_Pradesh_Legislative_Assembly_Election,2022 Himachal Pradesh Legislative Assembly Election,2022-11-12,Himachal Pradesh,68,Times Now - ETG,0.375,False,BJP,INC,"{""BJP"": [34, 42], ""INC"": [24, 32], ""AAP"": [0, 0], ""Others"": [1, 3]}","{""BJP"": 25, ""INC"": 40, ""AAP"": 0, ""Others"": 3}"
2022_Himachal_Pradesh_Legislative_Assembly_Election,2022 Himachal Pradesh Legislative Assembly Election,2022-11-12,Himachal Pradesh,68,TV9 Gujarati,0.375,False,BJP,INC,"{""BJP"": [30, 36], ""INC"": [28, 34], ""AAP"": [0, 0], ""Others"": [3, 5]}","{""BJP"": 25, ""INC"": 40, ""AAP"": 0, ""Others"": 3}"
2022_Himachal_Pradesh_Legislative_Assembly_Election,2022 Himachal Pradesh Legislative Assembly Election,2022-11-12,Himachal Pradesh,68,Zee News - BARC,0.1875,False,BJP,INC,"{""BJP"": [35, 40], ""INC"": [20, 25], ""AAP"": [0, 3], ""Others"": [1, 5]}","{""BJP"": 25, ""INC"": 40, ""AAP"": 0, ""Others"": 3}"
2022_UP_Asssembly,Uttar Pradesh Legislative Assembly Election,2022-02-10 to 2022-03-07,Uttar Pradesh,403,ABP-CVoter,0.0,True,NDA,NDA,"{""NDA"": [284, 294], ""SP+"": [54, 64], ""BSP"": [33, 43], ""Others"": [10, 16]}","{""NDA"": 273, ""SP+"": 125, ""BSP"": 1, ""UPA"": 2, ""Others"": 2}"
2022_UP_Asssembly,Uttar Pradesh Legislative Assembly Election,2022-02-10 to 2022-03-07,Uttar Pradesh,403,Polstrat-NewsX,0.2,True,NDA,NDA,"{""NDA"": [218, 223], ""SP+"": [152, 157], ""BSP"": [19, 22], ""Others"": [0, 2]}","{""NDA"": 273, ""SP+"": 125, ""BSP"": 1, ""UPA"": 2, ""Others"": 2}"
2022_UP_Asssembly,Uttar Pradesh Legislative Assembly Election,2022-02-10 to 2022-03-07,Uttar Pradesh,403,ABP News - CVoter,0.0,True,NDA,NDA,"{""NDA"": [228, 244], ""SP+"": [132, 148], ""BSP"": [13, 21]}","{""NDA"": 273, ""SP+"": 125, ""BSP"": 1, ""UPA"": 2, ""Others"": 2}"
2022_UP_Asssembly,Uttar Pradesh Legislative Assembly Election,2022-02-10 to 2022-03-07,Uttar Pradesh,403,India Today - Axis My India,0.4,True,NDA,NDA,"{""NDA"": [288, 326], ""SP+"": [71, 101], ""BSP"": [3, 9], ""Others"": [2, 3]}","{""NDA"": 273, ""SP+"": 125, ""BSP"": 1, ""UPA"": 2, ""Others"": 2}"
2022_UP_Asssembly,Uttar Pradesh Legislative Assembly Election,2022-02-10 to 2022-03-07,Uttar Pradesh,403,News18 Matrize,5.3067,True,NDA,NDA,"{""NDA"": [262, 277], ""SP+"": [119, 134], ""BSP"": [7, 15], ""Others"": [0, 1]}","{""NDA"": 273, ""SP+"": 125, ""BSP"": 1, ""UPA"": 2, ""Others"": 2}"
2022_UP_Asssembly,Uttar Pradesh Legislative Assembly Election,2022-02-10 to 2022-03-07,Uttar Pradesh,403,NewsX Polstrat,0.2,True,NDA,NDA,"{""NDA"": [215, 231], ""SP+"": [146, 160], ""BSP"": [16, 22], ""Others"": [1, 3]}","{""NDA"": 273, ""SP+"": 125, ""BSP"": 1, ""UPA"": 2, ""Others"": 2}"
2022_UP_Asssembly,Uttar Pradesh Legislative Assembly Election,2022-02-10 to 2022-03-07,Uttar Pradesh,403,Republic P-Marq,0.2,True,NDA,NDA,"{""NDA"": [232, 248], ""SP+"": [133, 147], ""BSP"": [14, 20], ""Others"": [1, 3]}","{""NDA"": 273, ""SP+"": 125, ""BSP"": 1, ""UPA"": 2, ""Others"": 2}"
2022_UP_Asssembly,Uttar Pradesh Legislative Assembly Election,2022-02-10 to 2022-03-07,Uttar Pradesh,403,Times Now -Veto,0.0,True,NDA,NDA,"{""NDA"": [217, 233], ""SP+"": [144, 158], ""BSP"": [6, 12], ""Others"": [3, 5]}","{""NDA"": 273, ""SP+"": 125, ""BSP"": 1, ""UPA"": 2, ""Others"": 2}"
2022_UP_Asssembly,Uttar Pradesh Legislative Assembly Election,2022-02-10 to 2022-03-07,Uttar Pradesh,403,News 24 Today's Chanakya,0.24,True,NDA,NDA,"{""NDA"": [286, 302], ""SP+"": [98, 112], ""BSP"": [0, 5], ""Others"": [0, 2]}","{""NDA"": 273, ""SP+"": 125, ""BSP"": 1, ""UPA"": 2, ""Others"": 2}"
2022_UP_Asssembly,Uttar Pradesh Legislative Assembly Election,2022-02-10 to 2022-03-07,Uttar Pradesh,403,Zee - Design Boxed,0.0,True,NDA,NDA,"{""NDA"": [223, 248], ""SP+"": [138, 157], ""BSP"": [5, 11], ""Others"": [3, 5]}","{""NDA"": 273, ""SP+"": 125, ""BSP"": 1, ""UPA"": 2, ""Others"": 2}"
2022_UP_Asssembly,Uttar Pradesh Legislative Assembly Election,2022-02-10 to 2022-03-07,Uttar Pradesh,403,India TV - CNX,0.2,True,NDA,NDA,"{""NDA"": [240, 250], ""SP+"": [140, 150], ""BSP"": [6, 12], ""Others"": [0, 2]}","{""NDA"": 273, ""SP+"": 125, ""BSP"": 1, ""UPA"": 2, ""Others"": 2}"
jammu_kashmir_2024,2024 Jammu and Kashmir Legislative Assembly election,2024-09-18 to 2024-10-01,Jammu and Kashmir,90,India Today – CVoter,1.48,True,INDIA,INDIA,"{""INDIA"": [40, 48], ""BJP"": [27, 32], ""JKPDP"": [6, 12], ""Others"": [6, 11]}","{""INDIA"": 49, ""BJP"": 29, ""JKPDP"": 3, ""AAP"": 1, ""JKNPP"": 0, ""Others"": 8, ""NOTA"": 0}"
jammu_kashmir_2024,2024 Jammu and Kashmir Legislative Assembly election,2024-09-18 to 2024-10-01,Jammu and Kashmir,90,South First – People's Pulse,2.45,True,INDIA,INDIA,"{""INDIA"": [46, 50], ""BJP"": [23, 27], ""JKPDP"": [7, 11], ""Others"": [4, 6]}","{""INDIA"": 49, ""BJP"": 29, ""JKPDP"": 3, ""AAP"": 1, ""JKNPP"": 0, ""Others"": 8, ""NOTA"": 0}"
jammu_kashmir_2024,2024 Jammu and Kashmir Legislative Assembly election,2024-09-18 to 2024-10-01,Jammu and Kashmir,90,Axis My India,0.6867,True,INDIA,INDIA,"{""INDIA"": [35, 45], ""BJP"": [24, 34], ""JKPDP"": [4, 6], ""Others"": [8, 23]}","{""INDIA"": 49, ""BJP"": 29, ""JKPDP"": 3, ""AAP"": 1, ""JKNPP"": 0, ""Others"": 8, ""NOTA"": 0}"
jammu_kashmir_2024,2024 Jammu and Kashmir Legislative Assembly election,2024-09-18 to 2024-10-01,Jammu and Kashmir,90,Gulistan News,3.06,True,INDIA,INDIA,"{""INDIA"": [31, 36], ""BJP"": [28, 30], ""JKPDP"": [5, 7], ""Others"": [6, 16]}","{""INDIA"": 49, ""BJP"": 29, ""JKPDP"": 3, ""AAP"": 1, ""JKNPP"": 0, ""Others"": 8, ""NOTA"": 0}"
jammu_kashmir_2024,2024 Jammu and Kashmir Legislative Assembly election,2024-09-18 to 2024-10-01,Jammu and Kashmir,90,Poll of Polls,1.45,True,INDIA,INDIA,"{""INDIA"": [39, 45], ""BJP"": [25, 29], ""JKPDP"": [6, 8], ""Others"": [10, 18]}","{""INDIA"": 49, ""BJP"": 29, ""JKPDP"": 3, ""AAP"": 1, ""JKNPP"": 0, ""Others"": 8, ""NOTA"": 0}"
andhra_pradesh_2024,2024 Andhra Pradesh Legislative Assembly Election,2024-05-13,Andhra Pradesh,175,KK Surveys and Strategies,3.7222,True,Kutami,Kutami,"{""YSRCP"": [8, 20], ""Kutami"": [153, 169], ""INDIA"": [0, 1]}","{""Kutami"": 164, ""YSRCP"": 11, ""INDIA"": 0}"
andhra_pradesh_2024,2024 Andhra Pradesh Legislative Assembly Election,2024-05-13,Andhra Pradesh,175,RISE,0.0,True,Kutami,Kutami,"{""YSRCP"": [52, 64], ""Kutami"": [107, 123], ""INDIA"": [0, 2]}","{""Kutami"": 164, ""YSRCP"": 11, ""INDIA"": 0}"
andhra_pradesh_2024,2024 Andhra Pradesh Legislative Assembly Election,2024-05-13,Andhra Pradesh,175,People's Pulse,0.0,True,Kutami,Kutami,"{""YSRCP"": [45, 60], ""Kutami"": [111, 135], ""INDIA"": [0, 1]}","{""Kutami"": 164, ""YSRCP"": 11, ""INDIA"": 0}"
andhra_pradesh_2024,2024 Andhra Pradesh Legislative Assembly Election,2024-05-13,Andhra Pradesh,175,India Today – Axis My India,0.0,True,Kutami,Kutami,"{""YSRCP"": [55, 77], ""Kutami"": [98, 120], ""INDIA"": [0, 2]}","{""Kutami"": 164, ""YSRCP"": 11, ""INDIA"": 0}"
andhra_pradesh_2024,2024 Andhra Pradesh Legislative Assembly Election,2024-05-13,Andhra Pradesh,175,AARA,0.0,False,YSRCP,Kutami,"{""YSRCP"": [94, 104], ""Kutami"": [71, 81], ""INDIA"": [0, 1]}","{""Kutami"": 164, ""YSRCP"": 11, ""INDIA"": 0}"
andhra_pradesh_2024,2024 Andhra Pradesh Legislative Assembly Election,2024-05-13,Andhra Pradesh,175,Times Now – ETG,0.0,False,YSRCP,Kutami,"{""YSRCP"": [117, 125], ""Kutami"": [50, 58], ""INDIA"": [0, 1]}","{""Kutami"": 164, ""YSRCP"": 11, ""INDIA"": 0}"
odisha_2024,2024 Odisha Legislative Assembly election,13 May – 1 June 2024,Odisha,147,Axis My India,0.8667,True,BJP,BJP,"{""BJP"": [62, 80], ""BJD"": [62, 80], ""INC"": [5, 8]}","{""BJP"": 78, ""BJD"": 51, ""INC"": 14, ""CPI(M)"": 1, ""Independents"": 3}"
odisha_2024,2024 Odisha Legislative Assembly election,13 May – 1 June 2024,Odisha,147,Times Now - ETG,0.0,False,BJD,BJP,"{""BJP"": [30, 38], ""BJD"": [100, 115], ""INC"": [4, 7]}","{""BJP"": 78, ""BJD"": 51, ""INC"": 14, ""CPI(M)"": 1, ""Independents"": 3}"
rajasthan_2023,2023 Rajasthan Legislative Assembly election,25 November 2023,Rajasthan,200,ABP News-CVoter,0.0,True,BJP,BJP,"{""INC"": [59, 69], ""BJP"": [127, 137], ""Others"": [2, 7]}","{""INC+"": 71, ""BJP"": 115, ""Others"": 14}"
rajasthan_2023,2023 Rajasthan Legislative Assembly election,25 November 2023,Rajasthan,200,India Today-Axis My India,0.5185,False,INC+,BJP,"{""INC+"": [86, 106], ""BJP"": [80, 100], ""Others"": [9, 18]}","{""INC+"": 71, ""BJP"": 115, ""Others"": 14}"
rajasthan_2023,2023 Rajasthan Legislative Assembly election,25 November 2023,Rajasthan,200,TV9 Bharatvarsh-Polstrat,0.4667,True,BJP,BJP,"{""INC+"": [90, 100], ""BJP"": [100, 110], ""Others"": [5, 15]}","{""INC+"": 71, ""BJP"": 115, ""Others"": 14}"
rajasthan_2023,2023 Rajasthan Legislative Assembly election,25 November 2023,Rajasthan,200,Republic TV-Matrize,5.5889,True,BJP,BJP,"{""INC+"": [65, 75], ""BJP"": [115, 130], ""Others"": [12, 19]}","{""INC+"": 71, ""BJP"": 115, ""Others"": 14}"
rajasthan_2023,2023 Rajasthan Legislative Assembly election,25 November 2023,Rajasthan,200,People's Insight,2.7381,True,BJP,BJP,"{""INC+"": [72, 86], ""BJP"": [105, 119], ""Others"": [5, 11]}","{""INC+"": 71, ""BJP"": 115, ""Others"": 14}"
rajasthan_2023,2023 Rajasthan Legislative Assembly election,25 November 2023,Rajasthan,200,Times Now-ETG,3.9792,True,BJP,BJP,"{""INC+"": [56, 72], ""BJP"": [108, 128], ""Others"": [13, 21]}","{""INC+"": 71, ""BJP"": 115, ""Others"": 14}"
rajasthan_2023,2023 Rajasthan Legislative Assembly election,25 November 2023,Rajasthan,200,Jan Ki Baat,7.4381,True,BJP,BJP,"{""INC+"": [62, 85], ""BJP"": [100, 122], ""Others"": [14, 15]}","{""INC+"": 71, ""BJP"": 115, ""Others"": 14}"
rajasthan_2023,2023 Rajasthan Legislative Assembly election,25 November 2023,Rajasthan,200,India TV-CNX,1.1667,False,INC+,BJP,"{""INC+"": [94, 104], ""BJP"": [80, 90], ""Others"": [14, 18]}","{""INC+"": 71, ""BJP"": 115, ""Others"": 14}"
rajasthan_2023,2023 Rajasthan Legislative Assembly election,25 November 2023,Rajasthan,200,News24-Today's Chanakya,0.0,False,INC+,BJP,"{""INC+"": [94, 108], ""BJP"": [82, 96], ""Others"": [6, 12]}","{""INC+"": 71, ""BJP"": 115, ""Others"": 14}"
rajasthan_2023,2023 Rajasthan Legislative Assembly election,25 November 2023,Rajasthan,200,P-MARQ,3.4591,True,BJP,BJP,"{""INC+"": [69, 91], ""BJP"": [105, 125], ""Others"": [5, 15]}","{""INC+"": 71, ""BJP"": 115, ""Others"": 14}"
rajasthan_2023,2023 Rajasthan Legislative Assembly election,25 November 2023,Rajasthan,200,Dainik Bhaskar,0.9333,True,BJP,BJP,"{""INC+"": [85, 95], ""BJP"": [98, 105], ""Others"": [10, 15]}","{""INC+"": 71, ""BJP"": 115, ""Others"": 14}"
rajasthan_2023,2023 Rajasthan Legislative Assembly election,25 November 2023,Rajasthan,200,Poll of Polls,0.0,True,BJP,BJP,"{""INC+"": [78, 92], ""BJP"": [98, 112], ""Others"": [7, 13]}","{""INC+"": 71, ""BJP"": 115, ""Others"": 14}"
madhya_pradesh_2023,2023 Madhya Pradesh Legislative Assembly Election,2023-11-17,Madhya Pradesh,230,ABP News-CVoter,0.0667,False,INC,BJP,"{""BJP"": [104, 116], ""INC"": [113, 125], ""Others"": [0, 5]}","{""BJP"": 163, ""INC"": 66, ""Others"": 1}"
madhya_pradesh_2023,2023 Madhya Pradesh Legislative Assembly Election,2023-11-17,Madhya Pradesh,230,India TV-CNX,0.0556,True,BJP,BJP,"{""BJP"": [111, 127], ""INC"": [99, 115], ""Others"": [1, 7]}","{""BJP"": 163, ""INC"": 66, ""Others"": 1}"
madhya_pradesh_2023,2023 Madhya Pradesh Legislative Assembly Election,2023-11-17,Madhya Pradesh,230,India Today-Axis My India,0.1111,True,BJP,BJP,"{""BJP"": [140, 162], ""INC"": [68, 90], ""Others"": [0, 3]}","{""BJP"": 163, ""INC"": 66, ""Others"": 1}"
madhya_pradesh_2023,2023 Madhya Pradesh Legislative Assembly Election,2023-11-17,Madhya Pradesh,230,TV9 Bharatvarsh-Polstrat,0.0556,False,INC,BJP,"{""BJP"": [106, 116], ""INC"": [111, 121], ""Others"": [0, 6]}","{""BJP"": 163, ""INC"": 66, ""Others"": 1}"
madhya_pradesh_2023,2023 Madhya Pradesh Legislative Assembly Election,2023-11-17,Madhya Pradesh,230,Republic TV-Matrize,0.1667,True,BJP,BJP,"{""BJP"": [118, 130], ""INC"": [97, 107], ""Others"": [0, 2]}","{""BJP"": 163, ""INC"": 66, ""Others"": 1}"
madhya_pradesh_2023,2023 Madhya Pradesh Legislative Assembly Election,2023-11-17,Madhya Pradesh,230,People's Insight,0.1111,True,BJP,BJP,"{""BJP"": [193, 209], ""INC"": [21, 37], ""Others"": [0, 3]}","{""BJP"": 163, ""INC"": 66, ""Others"": 1}"
madhya_pradesh_2023,2023 Madhya Pradesh Legislative Assembly Election,2023-11-17,Madhya Pradesh,230,Times Now-ETG,0.0833,False,INC,BJP,"{""BJP"": [105, 117], ""INC"": [109, 125], ""Others"": [1, 5]}","{""BJP"": 163, ""INC"": 66, ""Others"": 1}"
madhya_pradesh_2023,2023 Madhya Pradesh Legislative Assembly Election,2023-11-17,Madhya Pradesh,230,Jan Ki Baat,0.0,False,INC,BJP,"{""BJP"": [100, 123], ""INC"": [102, 125], ""Others"": [2, 8]}","{""BJP"": 163, ""INC"": 66, ""Others"": 1}"
madhya_pradesh_2023,2023 Madhya Pradesh Legislative Assembly Election,2023-11-17,Madhya Pradesh,230,News24-Today's Chanakya,3.2222,True,BJP,BJP,"{""BJP"": [139, 163], ""INC"": [62, 86], ""Others"": [1, 9]}","{""BJP"": 163, ""INC"": 66, ""Others"": 1}"
madhya_pradesh_2023,2023 Madhya Pradesh Legislative Assembly Election,2023-11-17,Madhya Pradesh,230,Dainik Bhaskar,0.0222,False,INC,BJP,"{""BJP"": [95, 115], ""INC"": [105, 120], ""Others"": [0, 15]}","{""BJP"": 163, ""INC"": 66, ""Others"": 1}"
madhya_pradesh_2023,2023 Madhya Pradesh Legislative Assembly Election,2023-11-17,Madhya Pradesh,230,Poll of Polls,0.0556,True,BJP,BJP,"{""BJP"": [116, 132], ""INC"": [94, 110], ""Others"": [1, 7]}","{""BJP"": 163, ""INC"": 66, ""Others"": 1}"
mizoram_2023,2023 Mizoram Legislative Assembly election,7 November 2023,Mizoram,40,ABP News-CVoter,0.25,False,MNF,ZPM,"{""MNF"": [17, 21], ""INC"": [6, 10], ""ZPM"": [10, 14], ""BJP"": [0, 2]}","{""MNF"": 10, ""INC"": 1, ""ZPM"": 27, ""BJP"": 2}"
mizoram_2023,2023 Mizoram Legislative Assembly election,7 November 2023,Mizoram,40,India TV-CNX,0.25,False,MNF,ZPM,"{""MNF"": [14, 18], ""INC"": [8, 10], ""ZPM"": [12, 16], ""BJP"": [0, 2]}","{""MNF"": 10, ""INC"": 1, ""ZPM"": 27, ""BJP"": 2}"
mizoram_2023,2023 Mizoram Legislative Assembly election,7 November 2023,Mizoram,40,Jan Ki Baat,0.875,True,ZPM,ZPM,"{""MNF"": [10, 14], ""INC"": [5, 9], ""ZPM"": [15, 25], ""BJP"": [0, 2]}","{""MNF"": 10, ""INC"": 1, ""ZPM"": 27, ""BJP"": 2}"
mizoram_2023,2023 Mizoram Legislative Assembly election,7 November 2023,Mizoram,40,India Today-Axis My India,0.25,True,ZPM,ZPM,"{""MNF"": [3, 7], ""INC"": [2, 4], ""ZPM"": [28, 35], ""BJP"": [0, 2]}","{""MNF"": 10, ""INC"": 1, ""ZPM"": 27, ""BJP"": 2}"
mizoram_2023,2023 Mizoram Legislative Assembly election,7 November 2023,Mizoram,40,Republic TV-Matrize,0.5,False,MNF,ZPM,"{""MNF"": [17, 22], ""INC"": [7, 10], ""ZPM"": [7, 12], ""BJP"": [1, 2]}","{""MNF"": 10, ""INC"": 1, ""ZPM"": 27, ""BJP"": 2}"
mizoram_2023,2023 Mizoram Legislative Assembly election,7 November 2023,Mizoram,40,Times Now-ETG,0.25,False,MNF,ZPM,"{""MNF"": [14, 18], ""INC"": [9, 13], ""ZPM"": [10, 14], ""BJP"": [0, 2]}","{""MNF"": 10, ""INC"": 1, ""ZPM"": 27, ""BJP"": 2}"
mizoram_2023,2023 Mizoram Legislative Assembly election,7 November 2023,Mizoram,40,Poll of Polls,0.5,True,ZPM,ZPM,"{""MNF"": [12, 16], ""INC"": [6, 8], ""ZPM"": [15, 19], ""BJP"": [2, 2]}","{""MNF"": 10, ""INC"": 1, ""ZPM"": 27, ""BJP"": 2}"
meghalaya_2023,Meghalaya Legislative Assembly Election,27 February 2023,Meghalaya,60,Zee News -Matrize,1.1444,True,NPP,NPP,"{""NPP"": [21, 26], ""TMC"": [8, 13], ""UDP"": [5, 6], ""INC"": [3, 6], ""BJP"": [6, 11], ""Others"": [5, 8]}","{""NPP"": 26, ""UDP"": 12, ""TMC"": 5, ""INC"": 5, ""BJP"": 2, ""Others"": 10}"
meghalaya_2023,Meghalaya Legislative Assembly Election,27 February 2023,Meghalaya,60,India Today- Axis My India,0.7083,True,NPP,NPP,"{""NPP"": [18, 24], ""TMC"": [5, 9], ""UDP"": [8, 12], ""INC"": [6, 12], ""BJP"": [4, 8], ""Others"": [4, 8]}","{""NPP"": 26, ""UDP"": 12, ""TMC"": 5, ""INC"": 5, ""BJP"": 2, ""Others"": 10}"
meghalaya_2023,Meghalaya Legislative Assembly Election,27 February 2023,Meghalaya,60,Times Now - ETG,1.1528,True,NPP,NPP,"{""NPP"": [18, 26], ""TMC"": [8, 14], ""UDP"": [8, 14], ""INC"": [2, 5], ""BJP"": [3, 6], ""Others"": [4, 9]}","{""NPP"": 26, ""UDP"": 12, ""TMC"": 5, ""INC"": 5, ""BJP"": 2, ""Others"": 10}"
meghalaya_2023,Meghalaya Legislative Assembly Election,27 February 2023,Meghalaya,60,India News-Jan Ki Baat,0.7381,True,NPP,NPP,"{""NPP"": [11, 16], ""TMC"": [9, 14], ""UDP"": [10, 14], ""INC"": [6, 11], ""BJP"": [3, 7], ""Others"": [5, 12]}","{""NPP"": 26, ""UDP"": 12, ""TMC"": 5, ""INC"": 5, ""BJP"": 2, ""Others"": 10}"
nagaland_2023,2023 Nagaland Legislative Assembly Election,27 February 2023,Nagaland,60,India Today - Axis My India,0.0,True,NEDA,NEDA,"{""NEDA"": [38, 48], ""NPF"": [3, 8], ""INC"": [1, 2], ""Others"": [5, 15]}","{""NEDA"": 37, ""NPF"": 2, ""INC"": 0, ""Others"": 21}"
nagaland_2023,2023 Nagaland Legislative Assembly Election,27 February 2023,Nagaland,60,Zee News-Matrize,1.3229,True,NEDA,NEDA,"{""NEDA"": [35, 43], ""NPF"": [2, 5], ""INC"": [1, 3], ""Others"": [6, 12]}","{""NEDA"": 37, ""NPF"": 2, ""INC"": 0, ""Others"": 21}"
nagaland_2023,2023 Nagaland Legislative Assembly Election,27 February 2023,Nagaland,60,Times Now - ETG,0.0,True,NEDA,NEDA,"{""NEDA"": [39, 49], ""NPF"": [4, 8], ""INC"": [0, 0], ""Others"": [6, 17]}","{""NEDA"": 37, ""NPF"": 2, ""INC"": 0, ""Others"": 21}"
nagaland_2023,2023 Nagaland Legislative Assembly Election,27 February 2023,Nagaland,60,India News -Jan Ki Baat,0.925,True,NEDA,NEDA,"{""NEDA"": [35, 45], ""NPF"": [6, 10], ""INC"": [0, 0], ""Others"": [9, 15]}","{""NEDA"": 37, ""NPF"": 2, ""INC"": 0, ""Others"": 21}"
gujarat_2022,2022 Gujarat Legislative Assembly election,1 and 5 December 2022,Gujarat,182,ABP News - CVoter,0.0,True,BJP,BJP,"{""BJP"": [135, 143], ""INC"": [36, 44], ""AAP"": [0, 2], ""Others"": [0, 3]}","{""BJP"": 156, ""INC"": 17, ""AAP"": 5}"
gujarat_2022,2022 Gujarat Legislative Assembly election,1 and 5 December 2022,Gujarat,182,India TV -Matrize,0.2083,True,BJP,BJP,"{""BJP"": [112, 126], ""INC"": [53, 65], ""AAP"": [0, 6], ""Others"": [0, 2]}","{""BJP"": 156, ""INC"": 17, ""AAP"": 5}"
gujarat_2022,2022 Gujarat Legislative Assembly election,1 and 5 December 2022,Gujarat,182,Aaj Tak - Axis My India,0.3036,True,BJP,BJP,"{""BJP"": [129, 151], ""INC"": [16, 30], ""AAP"": [9, 21], ""Others"": [2, 6]}","{""BJP"": 156, ""INC"": 17, ""AAP"": 5}"
gujarat_2022,2022 Gujarat Legislative Assembly election,1 and 5 December 2022,Gujarat,182,News 24 -Today's Chanakya,3.1399,True,BJP,BJP,"{""BJP"": [143, 157], ""INC"": [13, 25], ""AAP"": [8, 14], ""Others"": [1, 3]}","{""BJP"": 156, ""INC"": 17, ""AAP"": 5}"
gujarat_2022,2022 Gujarat Legislative Assembly election,1 and 5 December 2022,Gujarat,182,NewsX -Jan Ki Baat,0.0,True,BJP,BJP,"{""BJP"": [117, 140], ""INC"": [34, 51], ""AAP"": [6, 13], ""Others"": [1, 2]}","{""BJP"": 156, ""INC"": 17, ""AAP"": 5}"
gujarat_2022,2022 Gujarat Legislative Assembly election,1 and 5 December 2022,Gujarat,182,Republic TV -P MARQ,0.1562,True,BJP,BJP,"{""BJP"": [128, 148], ""INC"": [30, 42], ""AAP"": [2, 10], ""Others"": [0, 3]}","{""BJP"": 156, ""INC"": 17, ""AAP"": 5}"
gujarat_2022,2022 Gujarat Legislative Assembly election,1 and 5 December 2022,Gujarat,182,Times Now -ETG,0.0,True,BJP,BJP,"{""BJP"": [135, 145], ""INC"": [24, 34], ""AAP"": [6, 16], ""Others"": [1, 3]}","{""BJP"": 156, ""INC"": 17, ""AAP"": 5}"
gujarat_2022,2022 Gujarat Legislative Assembly election,1 and 5 December 2022,Gujarat,182,TV9 Gujarati,0.625,True,BJP,BJP,"{""BJP"": [125, 130], ""INC"": [40, 50], ""AAP"": [3, 5], ""Others"": [3, 7]}","{""BJP"": 156, ""INC"": 17, ""AAP"": 5}"
gujarat_2022,2022 Gujarat Legislative Assembly election,1 and 5 December 2022,Gujarat,182,Zee News - BARC,0.3125,True,BJP,BJP,"{""BJP"": [110, 125], ""INC"": [45, 60], ""AAP"": [1, 5], ""Others"": [0, 4]}","{""BJP"": 156, ""INC"": 17, ""AAP"": 5}"
punjab_2022,Punjab Legislative Assembly election,2022-02-20,Punjab,117,ABP News – C-Voter,0.1,True,AAP,AAP,"{""AAP"": [55, 63], ""NDA"": [3, 11], ""Others"": [0, 2]}","{""AAP"": 92, ""UPA"": 18, ""SAD+"": 4, ""NDA"": 2, ""Others"": 1}"
punjab_2022,Punjab Legislative Assembly election,2022-02-20,Punjab,117,Polstrat-NewsX,0.4,True,AAP,AAP,"{""AAP"": [52, 55], ""NDA"": [0, 2], ""Others"": [0, 1]}","{""AAP"": 92, ""UPA"": 18, ""SAD+"": 4, ""NDA"": 2, ""Others"": 1}"
punjab_2022,Punjab Legislative Assembly election,2022-02-20,Punjab,117,ABP News – C Voter,0.05,True,AAP,AAP,"{""AAP"": [51, 61], ""NDA"": [7, 13], ""Others"": [1, 5]}","{""AAP"": 92, ""UPA"": 18, ""SAD+"": 4, ""NDA"": 2, ""Others"": 1}"
punjab_2022,Punjab Legislative Assembly election,2022-02-20,Punjab,117,Dainik Bhaskar,0.2,True,AAP,AAP,"{""AAP"": [38, 44], ""NDA"": [7, 10], ""Others"": [1, 2]}","{""AAP"": 92, ""UPA"": 18, ""SAD+"": 4, ""NDA"": 2, ""Others"": 1}"
punjab_2022,Punjab Legislative Assembly election,2022-02-20,Punjab,117,NewsX – Polstrat,0.1467,True,AAP,AAP,"{""AAP"": [56, 61], ""NDA"": [1, 6], ""Others"": [0, 3]}","{""AAP"": 92, ""UPA"": 18, ""SAD+"": 4, ""NDA"": 2, ""Others"": 1}"
punjab_2022,Punjab Legislative Assembly election,2022-02-20,Punjab,117,India Today – Axis My India,0.2333,True,AAP,AAP,"{""AAP"": [76, 90], ""NDA"": [1, 4], ""Others"": [0, 2]}","{""AAP"": 92, ""UPA"": 18, ""SAD+"": 4, ""NDA"": 2, ""Others"": 1}"
punjab_2022,Punjab Legislative Assembly election,2022-02-20,Punjab,117,India TV -Ground Zero,0.2,True,AAP,AAP,"{""AAP"": [27, 37], ""NDA"": [2, 6], ""Others"": [1, 3]}","{""AAP"": 92, ""UPA"": 18, ""SAD+"": 4, ""NDA"": 2, ""Others"": 1}"
punjab_2022,Punjab Legislative Assembly election,2022-02-20,Punjab,117,News24-Today's Chanakya,0.3333,True,AAP,AAP,"{""AAP"": [97, 103], ""NDA"": [0, 3], ""Others"": [0, 1]}","{""AAP"": 92, ""UPA"": 18, ""SAD+"": 4, ""NDA"": 2, ""Others"": 1}"
punjab_2022,Punjab Legislative Assembly election,2022-02-20,Punjab,117,Republic -P Marq,0.3,True,AAP,AAP,"{""AAP"": [62, 70], ""NDA"": [1, 3], ""Others"": [1, 3]}","{""AAP"": 92, ""UPA"": 18, ""SAD+"": 4, ""NDA"": 2, ""Others"": 1}"
punjab_2022,Punjab Legislative Assembly election,2022-02-20,Punjab,117,Times Now – VETO,0.1,True,AAP,AAP,"{""AAP"": [67, 73], ""NDA"": [3, 7], ""Others"": [0, 2]}","{""AAP"": 92, ""UPA"": 18, ""SAD+"": 4, ""NDA"": 2, ""Others"": 1}"
punjab_2022,Punjab Legislative Assembly election,2022-02-20,Punjab,117,TV 9 Marathi-Polstrat,0.1467,True,AAP,AAP,"{""AAP"": [56, 61], ""NDA"": [1, 6], ""Others"": [0, 3]}","{""AAP"": 92, ""UPA"": 18, ""SAD+"": 4, ""NDA"": 2, ""Others"": 1}"
punjab_2022,Punjab Legislative Assembly election,2022-02-20,Punjab,117,Zee News -DesignBoxed,0.2,True,AAP,AAP,"{""AAP"": [52, 61], ""NDA"": [3, 7], ""Others"": [0, 1]}","{""AAP"": 92, ""UPA"": 18, ""SAD+"": 4, ""NDA"": 2, ""Others"": 1}"
